"df","Type III SS","LOD","%var","F value","Pvalue(Chi2)","Pvalue(F)","name","trait","chr","start_marker","start","mid_marker","mid_pos","stop_marker","stop"
1,1.26161110993969,5.90060645442992,7.81342163496424,28.1067069957026,1.86010149505478e-07,3.83680806015363e-07,"MQM1_7D-pos-117.976489358444","VR_ME","7D","S7D_109518691",101.002330371417,"S7D_527727944",117.976489358444,"S7D_527727944 ",117.976489358444
1,0.805276523515164,3.87669099517419,4.98724603912449,17.9402916783451,2.38665097344049e-05,3.87081506414422e-05,"IM_2A-pos-0.826177651049908","VR_ME","2A","S2A_39571861",0,"S2A_42194544",0.826177651049908,"S2A_49933089",12.0634863345608
1,1.13212796579489,5.33785065397072,7.01150542492665,25.222026633674,7.12245338374551e-07,1.37421548507266e-06,"IM_2B-pos-66","VR_ME","2B","S2B_30096911",35.0425202689008,"S2B_88840352",67.8512463675384,"S2B_195530340",86.0616015059632
1,1.11587574695158,5.26658728690039,6.91085203235103,24.8599528143646,8.4452129567314e-07,1.61570198420335e-06,"IM_3B-pos-56.1852803332611","VR_ME","3B","S3B_43407376",43.6681632017502,"c3B.loc58",58,"S3B_683106242",93.0085870312429
1,0.718789664673342,3.47987816499946,4.45161482226949,16.0135007827244,6.24973404005358e-05,9.66855386443921e-05,"IM_4A-pos-131.28228541623","VR_ME","4A","S4A_645662033",105.803796062277,"S4A_714190461",133.311452619363,"S4A_744433737",148.649052045629
1,1.10489043060945,5.21833803301381,6.84281766922734,24.6152172811637,9.4780603376865e-07,1.80294331220132e-06,"IM_5A-pos-60","VR_ME","5A","S5A_400505663",50.9457355594207,"S5A_450169210",57.8903154867162,"S5A_446603205",57.8903174867162
1,1.3877883101718,6.44061985109105,8.59486344247964,30.917736138139,5.14823388364505e-08,1.13217594077675e-07,"IM_6A-pos-28.4783376709827","VR_ME","6A","S6A_51905322",18.4925740973194,"S6A_459678701",32.3747597537843,"S6A_584998514",47.1307708756158
1,1.77399815536842,6.75372161733059,6.66987384837721,32.1522231969185,2.44814289951378e-08,6.78749950688839e-08,"MQM1_7A-pos-48","FDK_ME","7A","S7A_20171492",34.6806170601417,"S7A_29260327",47.4104503252948,"S7A_36545685",62.0597250885894
1,1.56421441211465,6.01832390167456,5.88112945272565,28.3500694484668,1.4053902741562e-07,3.49829685108993e-07,"MQM1_7D-pos-117.976489358444","FDK_ME","7D","S7D_109518691",101.002330371417,"S7D_527727944",117.976489358444,"S7D_527727944 ",117.976489358444
1,2.44660371848878,9.01465056912999,9.19873457021815,44.3426328224818,1.17029830271065e-10,4.51821025038157e-10,"IM_1A-pos-94","FDK_ME","1A","S1A_303728193",61.7518472753804,"S1A_544495389",99.5578934228489,"S1A_544915041",99.5578994228489
1,1.3899694506002,5.39581932799829,5.22600368018767,25.1920262021437,6.20119346539383e-07,1.40892039590668e-06,"IM_2A-pos-0.826177651049908","FDK_ME","2A","S2A_39571861",0,"S2A_42194544",0.826177651049908,"S2A_49933089",12.0634863345608
1,2.07138640641734,7.77101199458968,7.78799345435497,37.542134902819,2.20130624839499e-09,7.08393810278096e-09,"IM_3A-pos-142","FDK_ME","3A","S3A_550540580",75.5495921556216,"S3A_711253732",136.151829073283,"S3A_717289076",155.438057270876
1,1.08775816678829,4.28981448726265,4.08975044763401,19.7147010874904,8.8016085161291e-06,1.7000571190251e-05,"IM_3B-pos-44","FDK_ME","3B","S3B_28626542",28.0101876459391,"c3B.loc52",52,"S3B_598189152",75.5787871483183
1,1.53213285085375,5.90451923710808,5.76050927856052,27.7686181571876,1.84284561721704e-07,4.51130142464784e-07,"IM_4A-pos-134.716818835202","FDK_ME","4A","S4A_634844017",100.139264274308,"c4A.loc118",118,"S4A_738816779",145.317344092569
1,1.67779700722258,6.41836083583446,6.30817701106085,30.4086583698499,5.42781712908891e-08,1.43269328845008e-07,"IM_5A-pos-62","FDK_ME","5A","S5A_33931364",43.034188230787,"c5A.loc64",64,"S5A_565398445",115.01959636187
1,1.12060661420065,4.41169733940156,4.21325395844235,20.3100515446927,6.5628136600715e-06,1.29052654349593e-05,"IM_6A-pos-24","FDK_ME","6A","S6A_25317042",9.02757838344931,"S6A_73682194",22.4061513251056,"S6A_584998514",47.1307708756158
1,1.06281165264753,3.43518788729087,3.01704631233476,15.4959642167683,6.96760716889511e-05,0.00012488139990019,"MQM3_5B-pos-148","DON_ME","5B","S5B_580682116",134.289389080039,"c5B.loc146",146,"S5B_654490073",164.082652684181
1,1.51885606701848,4.81387546000025,4.31163798830222,22.1451648618169,2.49709740796078e-06,5.58769039971097e-06,"MQM3_7A-pos-44.3737110839495","DON_ME","7A","S7A_3623610",1.59655724058947,"S7A_30064864",44.3737110839495,"S7A_36545685",62.0597250885894
1,1.49635704176218,4.74708748947336,4.24776909769348,21.8171254679927,2.93109093019162e-06,6.48876435560553e-06,"MQM2_7A-pos-137.754018824465","DON_ME","7A","S7A_12454707",23.4457344668847,"S7A_365105235",137.754018824465,"S7A_652539616",159.783570135021
1,2.16225107733409,6.67292864517905,6.13806935872591,31.5259672196589,2.96548885447834e-08,8.94529543771228e-08,"MQM1_5A-pos-170","DON_ME","5A","S5A_570192258",126.570062664961,"c5A.loc172",172,"S5A_653953195",180.741343465307
1,1.41851837977062,4.51505958652784,4.02680534787601,20.6822253021001,5.11798621227744e-06,1.09150299476557e-05,"MQM1_7D-pos-117.151006606279","DON_ME","7D","S7D_194129833",108.648466603622,"S7D_517502398",117.151006606279,"S7D_527727944",117.976489358444
1,2.06892814451014,6.40918518699138,5.87314978465898,30.1653039035941,5.54744945535646e-08,1.60399519888443e-07,"IM_1A-pos-88.0988181493231","DON_ME","1A","S1A_303728193",61.7518472753804,"S1A_510281396",83.011800849266,"S1A_544915041",99.5578994228489
1,2.23760266087312,6.88447498067526,6.35197293861112,32.6246053831463,1.79535466493519e-08,5.60267916505097e-08,"IM_2B-pos-83.8302886177628","DON_ME","2B","S2B_58826958",62.2488757857455,"S2B_159489983",83.8302886177628,"S2B_722631218",110.300451123056
1,3.02470462149114,9.02263240817734,8.58635102601584,44.1006781061934,1.14849907362213e-10,5.05051334087625e-10,"IM_3A-pos-136","DON_ME","3A","S3A_698524686",128.162827118478,"S3A_711253732",136.151829073283,"S3A_716071855",146.119141777746
1,1.71302445851007,5.38514559480196,4.86283163400829,24.9761711262722,6.36135743858901e-07,1.56036580989394e-06,"IM_4A-pos-112","DON_ME","4A","S4A_634844017",100.139264274308,"c4A.loc110",110,"S4A_703941623",127.247451492034
1,2.75204258858494,8.29630267049932,7.81233431398214,40.1252219708937,6.36601105163948e-10,2.49165488241943e-09,"IM_5A-pos-70","DON_ME","5A","S5A_414754385",54.9626515483338,"c5A.loc74",74,"S5A_650459010",177.930224136387
1,67.5048340279974,9.41051001898686,11.5912096857726,47.7301914851784,4.60786964140425e-11,1.09550701843375e-10,"MQM1_5A-pos-208","HD_ME","5A","S5A_673738365",200.087108945874,"c5A.loc208",208,"S5A_690193982",217.651663218164
1,37.0586298205239,5.46689616829271,6.36331242202539,26.2027975178539,5.23297199350736e-07,8.72273407059865e-07,"IM_4A-pos-76","HD_ME","4A","S4A_603050415",51.9946611040532,"c4A.loc82",82,"S4A_695721444",114.37354641508
1,105.257735094817,13.7681953901,18.0737349569293,74.4238827294666,1.66533453693773e-15,5.99520433297585e-15,"IM_5A-pos-139.97101378962","HD_ME","5A","S5A_574743604",130.492439501866,"c5A.loc138",138,"S5A_595393566",143.235574203031
1,11.0151813022383,1.71328842169295,1.89140937889116,7.7884305675314,0.00497092834678314,0.00589811143610319,"IM_6D-pos-4.71451996585535","HD_ME","6D","S6D_38817192",61.1712600039618,"c6D.loc82",82,"S6D_455457951",107.639488941703
1,53.8026882737813,7.6888806961553,9.23842344654913,38.0419069345444,2.67303446044309e-09,5.44312950268022e-09,"IM_7B-pos-26","HD_ME","7B","S7B_3366051",11.3978456946467,"c7B.loc30",30,"S7B_24421543",53.69090083096
1,419.158255952173,3.94101249690437,8.00288812901889,18.8446545787636,2.04273103096009e-05,2.50605520721869e-05,"IM_4A-pos-72","PH_ME","4A","S4A_603050415",51.9946611040532,"c4A.loc74",74,"S4A_636123939",100.139262274308
1,1164.55349363584,10.0200442155177,22.2345407670776,52.3563785620957,1.09872111409004e-11,1.81878956340142e-11,"IM_6A-pos-32.3747557537843","PH_ME","6A","S6A_67125288",21.7224993781421,"c6A.loc34",34,"S6A_584998514",47.1307708756158
1,1.75593520574011,3.58110451868528,6.44855009968472,16.715905781685,4.88661992273931e-05,6.91318399141938e-05,"MQM1_2B-pos-67.8512463675384","VR_KIN19","2B","S2B_32138311",38.3709387239786,"S2B_88840352",67.8512463675384,"S2B_653624751",104.417472749932
1,1.75661560911283,3.58242423967602,6.45104883381946,16.722382990317,4.87098116198625e-05,6.89189744285112e-05,"MQM1_7D-pos-117.151006606279","VR_KIN19","7D","S7D_109518691",101.002330371417,"S7D_517502398",117.151006606279,"S7D_527727944",117.976489358444
1,2.00763755281957,4.06598300795932,7.37290948950969,19.1120264956243,1.510260220694e-05,2.23414016899959e-05,"IM_3B-pos-46.1256843247453","VR_KIN19","3B","S3B_28626542",28.0101876459391,"S3B_54305072",46.1256843247453,"S3B_678547278",88.59176766713
1,1.61125539479624,3.29935767636552,5.91722354148681,15.3386032022141,9.7005846775966e-05,0.000133718204047728,"IM_5A-pos-57.8903174867162","VR_KIN19","5A","S5A_33931364",43.034188230787,"S5A_446603205",57.8903174867162,"S5A_444036795",57.8903194867162
1,2.37406910941671,4.76020949876232,8.71860393375669,22.6003302527851,2.84022745256074e-06,4.47858785201927e-06,"IM_6A-pos-32.3747557537843","VR_KIN19","6A","S6A_51905322",18.4925740973194,"c6A.loc24",24,"S6A_584998514",47.1307708756158
1,3.81482082604182,3.33204344535653,7.3251954458026,15.6952485472736,8.95753022545076e-05,0.000112081584063284,"MQM1_5A-pos-172","FDK_KIN19","5A","S5A_613486033",157.968691636777,"c5A.loc172",172,"S5A_673738365",200.087108945874
1,5.52960361028146,4.73336741686888,10.6179107827601,22.7503484406943,3.02921647965526e-06,4.14406463944417e-06,"IM_3A-pos-140","FDK_KIN19","3A","S3A_696059717",123.804979123102,"c3A.loc140",140,"S3A_717289076",155.438057270876
1,4.2276229873521,3.67449113630746,8.11785561254101,17.3936330371525,3.89546016312803e-05,4.98179421420941e-05,"IM_6A-pos-22.4061513251056","FDK_KIN19","6A","S6A_22029229",0,"S6A_73995779",22.4061493251056,"S6A_584998514",47.1307708756158
1,9.37323173321052,5.32235394230209,10.9901566180365,25.8000484169571,7.39119035753077e-07,1.04970738212806e-06,"IM_3A-pos-135.841816973159","DON_KIN19","3A","S3A_696059717",123.804979123102,"c3A.loc140",140,"S3A_716071855",146.119141777746
1,8.31166879751571,4.75823195459982,9.7454692727048,22.8780706063016,2.85373793507127e-06,3.91018148704347e-06,"IM_4A-pos-103.621112897745","DON_KIN19","4A","S4A_634844017",100.139264274308,"S4A_648906613",103.621112897745,"S4A_703941623",127.247451492034
1,9.93545429747878,5.61752052106928,11.6493651185166,27.3475797052141,3.65269541613422e-07,5.28578947278646e-07,"IM_5A-pos-172","DON_KIN19","5A","S5A_477453719",73.4714679184721,"c5A.loc170",170,"S5A_653953195",180.741343465307
1,96.5561019366009,4.63435663568051,7.47377931961956,22.2483784488098,3.84220542104519e-06,5.23317102407717e-06,"MQM1_5A-pos-208","HD_KIN20","5A","S5A_680218556",203.440718147595,"c5A.loc208",208,"S5A_690193982",217.651663218164
1,300.579364203149,12.787023446567,23.2658919636268,69.2592525440315,1.66533453693773e-14,3.81916720471054e-14,"IM_5A-pos-125.009416001515","HD_KIN20","5A","S5A_568234305",121.91477115264,"S5A_585239531",139.97101378962,"S5A_595393566",143.235574203031
1,134.133178069972,6.28484160940746,10.3823761753808,30.9068577582161,7.45487283015933e-08,1.12833450582883e-07,"IM_7B-pos-26","HD_KIN20","7B","S7B_3366051",11.3978456946467,"c7B.loc32",32,"S7B_24421543",53.69090083096
1,2.41653479536311,3.58451094908729,6.97292894041525,16.7326250814244,4.84635617437057e-05,6.85837414423629e-05,"MQM1_1A-pos-52","FDK_KIN20","1A","S1A_16933262",25.0695524519026,"c1A.loc52",52,"S1A_498809683",75.8981020986379
1,1.50268152332519,2.2712841606505,4.33599859696909,10.4049015122109,0.00122010386545279,0.00152947016326233,"IM_2A-pos-6.97494230093245","FDK_KIN20","2A","S2A_39571861",0,"S2A_42194544",0.826177651049908,"S2A_52509083",18.6942987641197
1,1.9270528902839,2.8871794375405,5.56052530017568,13.3433433638395,0.000265979662106508,0.000352960172203209,"IM_3A-pos-75.5495921556216","FDK_KIN20","3A","S3A_37834464",52.1182673003356,"S3A_143493411",76.2510066507796,"S3A_714415200",143.47915983815
1,1.54094098853301,2.32725222217231,4.44639656545866,10.66981856963,0.0010613313057215,0.00133735368082566,"IM_3B-pos-50","FDK_KIN20","3B","S3B_28626542",28.0101876459391,"c3B.loc50",50,"S3B_553574029",72.8832256734629
1,2.99426850530499,4.39027256244846,8.63998381321786,20.7329819494103,6.91014024800651e-06,1.05317974260499e-05,"IM_4A-pos-134.716816835202","FDK_KIN20","4A","S4A_645662033",105.803796062277,"S4A_714190461",133.311452619363,"S4A_744433737",148.649052045629
1,3.73239996955564,4.61779702303851,8.26403703224737,22.0185142985527,3.99813509976976e-06,5.8124204939114e-06,"MQM1_1A-pos-88.0988181493231","DON_KIN20","1A","S1A_16933262",25.0695524519026,"S1A_530258857",88.0988181493231,"S1A_544915041",99.5578994228489
1,7.60155057704783,8.84312214468398,16.8308584245068,44.8437604321988,1.75313208394812e-10,3.53753470960783e-10,"IM_3A-pos-136.151829073283","DON_KIN20","3A","S3A_702961747",133.66147698416,"S3A_711253732",136.151829073283,"S3A_714415200",143.47915983815
1,3.96894500875245,4.89111020529258,8.78777965888488,23.4139623668975,2.07491791504033e-06,3.08126894266181e-06,"IM_4B-pos-15.9788198695977","DON_KIN20","4B","S4B_131355663",6.7886796380305,"S4B_578521153",15.9788198695977,"S4B_642729326",34.2688827642595
1,3.70102366307238,4.58138458405959,8.19456565703898,21.8334163298,4.36370660183982e-06,6.32594269500686e-06,"IM_7D-pos-117.151006606279","DON_KIN20","7D","S7D_213740699",109.60853116103,"S7D_527727944",117.976489358444,"S7D_527727944 ",117.976489358444
1,488.560876651208,3.31481291795134,7.03833135852986,15.7084039303875,9.34180574523324e-05,0.000111106312561837,"IM_4A-pos-68","PH_KIN20","4A","S4A_595847822",44.8370703801929,"c4A.loc70",70,"S4A_636123939",100.139262274308
1,1378.71624901063,8.65612309238062,19.8621344313125,44.3290340669445,2.72426192715614e-10,4.21715773413212e-10,"IM_6A-pos-32.3747557537843","PH_KIN20","6A","S6A_67125288",21.7224993781421,"c6A.loc34",34,"S6A_584998514",47.1307708756158
1,67.6454447301481,5.3684899503134,7.76726429395669,25.7073263654612,6.6196089154591e-07,1.10037380429695e-06,"MQM1_5A-pos-202.992065130324","HD_RAL19","5A","S5A_666261308",188.011944993681,"S5A_680355005",202.992065130324,"S5A_698127281",224.23734099798
1,45.7848909009086,3.72047432015588,5.25716623958917,17.3996510436441,3.48438152644182e-05,4.9821592923438e-05,"IM_4A-pos-66","HD_RAL19","4A","S4A_603050415",51.9946611040532,"c4A.loc80",80,"S4A_703941623",127.247451492034
1,118.684068336092,8.94295603697734,13.6276807688366,45.1035556240023,1.38563827078997e-10,3.19051007835469e-10,"IM_5A-pos-128","HD_RAL19","5A","S5A_568234305",121.91477115264,"S5A_584821782",137.739283488219,"S5A_595393566",143.235574203031
1,30.8227792515553,2.54688248223182,3.53916917356617,11.7135935593481,0.000615393592202862,0.000790147334489011,"IM_6D-pos-77.6670227716932","HD_RAL19","6D","S6D_38817192",61.1712600039618,"c6D.loc84",84,"S6D_455457951",107.639488941703
1,72.6262385251431,5.73354700454901,8.3391748188081,27.6001794933812,2.76972101032058e-07,4.7600840891171e-07,"IM_7B-pos-30.7546071148165","HD_RAL19","7B","S7B_10103115",24.8590466109754,"S7B_12830492",30.7546071148165,"S7B_24421543",53.69090083096
1,1.09688036278588,4.06801515404659,7.12643460309975,19.1197652194871,1.50286668528787e-05,2.21831306694842e-05,"IM_2A-pos-6.97494230093245","VR_RAL19","2A","S2A_39571861",0,"S2A_44177815",6.97494230093245,"S2A_56535432",23.3301924627227
1,1.43228565938612,5.22453558056841,9.30556369762026,24.9662282814035,9.33860826668464e-07,1.53208257347437e-06,"IM_2B-pos-67.8512463675384","VR_RAL19","2B","S2B_40508376",47.7293453441508,"c2B.loc66",66,"S2B_573669510",102.801907349614
1,0.753039323742895,2.8420845621613,4.89249846773288,13.1262583956169,0.000297148578204287,0.00039201608798356,"IM_4A-pos-114.37354641508","VR_RAL19","4A","S4A_645662033",105.803796062277,"S4A_695721444",114.37354641508,"S4A_715809044",134.716816835202
1,1.08821158636012,4.03762047568856,7.07011353985258,18.9686594329091,1.61734757476717e-05,2.38066519916424e-05,"IM_5A-pos-60.390489636912","VR_RAL19","5A","S5A_33931364",43.034188230787,"S5A_450169210",57.8903154867162,"S5A_446603205",57.8903174867162
1,0.890299266620079,3.33654338998831,5.78427667776034,15.5188419178404,8.85981843450345e-05,0.000122305788523569,"IM_6A-pos-24.8954754417197","VR_RAL19","6A","S6A_25317042",9.02757838344931,"S6A_499204155",32.3747557537843,"S6A_584998514",47.1307708756158
1,2.13003283866333,3.39011450640733,7.4598093077684,15.979809197742,7.77573108724505e-05,9.75197232220282e-05,"MQM2_7A-pos-50","FDK_RAL19","7A","S7A_21351620",36.5640526696869,"c7A.loc50",50,"S7A_545581556",143.826921312707
1,2.22644024531395,3.53617746053125,7.79744770301559,16.7030712693694,5.45022803846162e-05,6.89899186185894e-05,"MQM1_6A-pos-25.1103147306022","FDK_RAL19","6A","S6A_36684794",4.71548919826615,"S6A_87496739",25.1103147306022,"S6A_584998514",47.1307708756158
1,2.88730149382416,4.5216103427404,10.1119185427579,21.6609463150901,5.03800191931081e-06,6.78753893756934e-06,"IM_2A-pos-6.97494230093245","FDK_RAL19","2A","S2A_39571861",0,"S2A_44177815",6.97494230093245,"S2A_49933089",12.0634863345608
1,5.09675819357591,3.51034563658552,7.8116335398596,16.5749434293487,5.80343286370466e-05,7.33407148779675e-05,"MQM1_5A-pos-73.4714679184721","DON_RAL19","5A","S5A_455344314",58.5164271777188,"S5A_477453719",73.4714679184721,"S5A_503945747",78.6586736546575
1,4.96184037154054,3.42174505550284,7.60484943441298,16.1361831070195,7.19936103603658e-05,9.04723380491523e-05,"IM_1A-pos-88.0988181493231","DON_RAL19","1A","S1A_504420080",78.4772180574928,"S1A_530258857",88.0988181493231,"S1A_544915041",99.5578994228489
1,4.34949400978394,3.01682298655442,6.66632631916336,14.1447984032923,0.000193519588096214,0.000237025249178235,"IM_4A-pos-114.37354641508","DON_RAL19","4A","S4A_618277948",83.1831116732688,"c4A.loc112",112,"S4A_703941623",127.247451492034
1,52.2117662647889,4.40114257271523,8.27130489779243,21.0523830124061,6.73167509135375e-06,9.01659364982432e-06,"MQM1_5A-pos-206.854912747142","HD_RAL20","5A","S5A_673738365",200.087108945874,"S5A_684942583",206.854912747142,"S5A_689512329",213.401301814822
1,68.5891928568345,5.67604405811281,10.8657907479173,27.6559492588486,3.17677324890298e-07,4.61420315178707e-07,"IM_5A-pos-139.97101378962","HD_RAL20","5A","S5A_570192258",126.570062664961,"S5A_585239531",139.97101378962,"S5A_688302437",209.699284400807
1,68.544059524339,5.67259300586542,10.8586407972294,27.6377509815196,3.20302814382778e-07,4.65131842153355e-07,"IM_7B-pos-25.812774370504","HD_RAL20","7B","S7B_3366051",11.3978456946467,"c7B.loc28",28,"S7B_24421543",53.69090083096
1,1.98879357992214,4.09129721578266,8.42963801691421,19.4830957808207,1.42070972558583e-05,1.86578270906512e-05,"IM_2B-pos-42","VR_RAL20","2B","S2B_31122019",34.3481152327503,"c2B.loc42",42,"S2B_198738316",87.5522002384966
1,1.59375268868963,3.31539574594189,6.7552301001813,15.6131016301331,9.32854034330077e-05,0.000116599992406208,"IM_3B-pos-46.1256843247453","VR_RAL20","3B","S3B_43407376",43.6681632017502,"S3B_578626949",74.9207995783789,"S3B_628101683",79.6032634678308
1,3.56607443568001,7.03008357669703,15.1150511232699,34.934832097864,1.27128884086503e-08,2.0121992516664e-08,"IM_5A-pos-57.8903094867162","VR_RAL20","5A","S5A_33931364",43.034188230787,"S5A_444548673",57.8903094867162,"S5A_473407502",66.8907428461967
1,3.57889507634291,3.09166881897748,6.82330288178917,14.5128770857603,0.000161113658327938,0.000198526005326105,"MQM1_3A-pos-54","FDK_RAL20","3A","S3A_19055613",19.6406713885481,"c3A.loc54",54,"S3A_516793673",81.1987297007366
1,3.21477463882407,2.78917655324789,6.12909308305446,13.0363221598964,0.00033844863715482,0.000409060175014186,"MQM1_7D-pos-117.976489358444","FDK_RAL20","7D","S7D_109518691",101.002330371417,"S7D_527727944",117.976489358444,"S7D_527727944 ",117.976489358444
1,6.92301687686695,5.75517585124303,13.1990013674475,28.0737185230035,2.63052319149359e-07,3.84003271403088e-07,"IM_5A-pos-60","FDK_RAL20","5A","S5A_33931364",43.034188230787,"S5A_444548673",57.8903094867162,"S5A_503945747",78.6586736546575
1,6.60777543523444,3.83992010197175,8.43967423797032,18.2409428787649,2.60881757758735e-05,3.40488796288785e-05,"IM_1A-pos-87.5998562197393","DON_RAL20","1A","S1A_504420080",78.4772180574928,"S1A_510281396",83.011800849266,"S1A_544915041",99.5578994228489
1,5.41814564400136,3.17976156537716,6.92023883944643,14.956937651673,0.000129892601026249,0.000162281564672351,"IM_4A-pos-103.621110897745","DON_RAL20","4A","S4A_634844017",100.139264274308,"S4A_685784679",103.621108897745,"S4A_703941623",127.247451492034
1,6.14403143501072,3.58409384456764,7.84736471866799,16.9607650183999,4.85126834116612e-05,6.22537560354131e-05,"IM_7A-pos-41.0993943324896","DON_RAL20","7A","S7A_6543384",8.99602497444641,"S7A_26878565",41.0993943324896,"S7A_36545685",62.0597250885894
1,428.579492898853,3.94276392965382,8.46160511020647,18.8579253910572,2.03409754199191e-05,2.49882897273013e-05,"IM_4A-pos-78.9682329459872","PH_RAL20","4A","S4A_603050415",51.9946611040532,"S4A_620175647",78.9682329459872,"S4A_636123939",100.139262274308
1,979.175310287881,8.43503948435773,19.3322241185146,43.084690826614,4.5887649235965e-10,7.0450223432772e-10,"IM_6A-pos-25.1103147306022","PH_RAL20","6A","S6A_22029229",0,"S6A_98776015",27.6322264237437,"S6A_584998514",47.1307708756158
1,3670.7934716272,3.11912054262145,5.56177749462498,14.4626846761039,0.000150648810611886,0.000203860520365251,"MQM2_5A-pos-166.448677634729","FDK_WAR19","5A","S5A_502540495",78.6586776546575,"S5A_631264575",166.448677634729,"S5A_653953195",180.741343465307
1,4584.88483955366,3.85513437664042,6.94675674705639,18.0641445026107,2.51447863672816e-05,3.63992265035584e-05,"MQM1_3A-pos-148","FDK_WAR19","3A","S3A_698524686",128.162827118478,"c3A.loc140",140,"S3A_725421331",165.372611751618
1,5876.03623304154,4.86949773862186,8.90303590521653,23.1511960127165,2.18526450157519e-06,3.47074106954448e-06,"IM_1A-pos-96.5700457942874","FDK_WAR19","1A","S1A_303728193",61.7518472753804,"c1A.loc98",98,"S1A_544915041",99.5578994228489
1,6038.81330151938,4.99535303923135,9.14966646155229,23.7925269489546,1.61626768901968e-06,2.59671332236699e-06,"IM_2B-pos-108","FDK_WAR19","2B","S2B_444541860",95.5777455954792,"S2B_690936220",107.766843446987,"S2B_733722357",113.474136520465
1,5217.93888830258,4.35608949168856,7.9059242372536,20.5583357887056,7.50291307627382e-06,1.1370316791659e-05,"IM_4A-pos-134.716816835202","FDK_WAR19","4A","S4A_618277948",83.1831116732688,"S4A_660640792",102.651277230915,"S4A_739816770",148.649054045629
1,3.53529981132593,4.08990615949965,6.97409887988135,19.3503757722435,1.42548922632546e-05,1.98492643418424e-05,"MQM1_3A-pos-135.841816973159","DON_WAR19","3A","S3A_698524686",128.162827118478,"c3A.loc136",136,"S3A_730956540",180.38345794397
1,4.18888729403137,4.79715361345742,8.26343329967725,22.9277706369923,2.59930003820852e-06,3.82283523148175e-06,"MQM1_5A-pos-174","DON_WAR19","5A","S5A_473407502",66.8907428461967,"c5A.loc174",174,"S5A_663320306",186.376858533205
1,8.07599604780617,8.73583914841883,15.931546968235,44.2037639239405,2.25751750626557e-10,4.49856152329176e-10,"IM_2B-pos-100.747657984992","DON_WAR19","2B","S2B_155155706",80.2177014258942,"S2B_569139584",100.747657984992,"S2B_722631218",110.300451123056
1,5.58183908617787,6.25917307707425,11.0113143993835,30.5520576986731,7.92400060012355e-08,1.30465095393717e-07,"IM_4A-pos-120","DON_WAR19","4A","S4A_634844017",100.139264274308,"c4A.loc120",120,"S4A_723850463",139.766637533019
1,70.7284277422657,11.6647870957776,20.1296787701586,61.6229185780509,2.31370478331883e-13,5.77649039712469e-13,"IM_5A-pos-200","HD_WAR20","5A","S5A_666261308",188.011944993681,"c5A.loc198",198,"S5A_680355005",202.992065130324
1,16.7170910633286,3.12132185387902,4.75777115112094,14.5649489793729,0.000149839899112769,0.000193564687836156,"IM_6D-pos-82","HD_WAR20","6D","S6D_38817192",61.1712600039618,"c6D.loc84",84,"S6D_455457951",107.639488941703
1,16.2934808906548,3.04551422051562,4.63720949052856,14.1958739693269,0.000180385498040225,0.000231657499177862,"IM_7A-pos-98.0646620160053","HD_WAR20","7A","S7A_54865094",84.9976484755737,"S7A_75859308",98.0646640160053,"S7A_688629427",193.900063383335
1,28.5394637540455,5.17442137495034,8.1224799699346,24.8653208803881,1.05279254491997e-06,1.59415200584601e-06,"IM_7B-pos-30","HD_WAR20","7B","S7B_3366051",11.3978456946467,"S7B_12830492",30.7546071148165,"S7B_24421543",53.69090083096
1,32.1168718898324,4.2314229236755,9.67836843611844,20.3128542244776,1.0131728826468e-05,1.25928719981738e-05,"IM_3B-pos-68.6572457018762","VR_WAR20","3B","S3B_62419406",49.7808494370294,"c3B.loc70",70,"S3B_618024802",76.962205106006
1,41.2723264543381,5.35097112370893,12.437350156984,26.1033750001484,6.90259682634142e-07,9.06427371827334e-07,"IM_4A-pos-134.716822835202","VR_WAR20","4A","S4A_695020463",115.455972982154,"c4A.loc134",134,"S4A_738816779",145.317344092569
1,2.80040578084664,3.11045959188655,5.24639060468763,14.420746480851,0.000153874349806626,0.00020806008247376,"MQM1_1A-pos-95.5349967107539","FDK_WAR20","1A","S1A_515759543",86.5826545514118,"S1A_537541244",96.2691949280321,"S1A_544915041",99.5578994228489
1,2.31816171232344,2.59381872729992,4.34293555271957,11.9374208493903,0.000547949170846884,0.000706591999680262,"MQM1_3B-pos-52","FDK_WAR20","3B","S3B_28877419",26.7014479358547,"c3B.loc52",52,"S3B_554932524",72.7811999004361
1,5.90290603747315,6.26621091010492,11.0587369113309,30.3971346041678,7.79250705074119e-08,1.40592083530677e-07,"IM_4A-pos-132","FDK_WAR20","4A","S4A_695020463",115.455972982154,"S4A_714190461",133.311452619363,"S4A_729925852",141.746680169025
1,4.0552037976615,4.42065405290633,7.59717868376661,20.8823543695803,6.42285775320772e-06,9.79116140675806e-06,"IM_5A-pos-53.1377728466176","FDK_WAR20","5A","S5A_30842348",37.9053011403503,"S5A_397017274",53.1377728466176,"S5A_488028626",77.7437208492755
1,3.70431046860738,4.05909828618132,6.93980128603802,19.0754220404442,1.53558145480348e-05,2.26475395336267e-05,"IM_6A-pos-30","FDK_WAR20","6A","S6A_51905322",18.4925740973194,"c6A.loc32",32,"S6A_584998514",47.1307708756158
1,3.7046000506952,5.3583448934848,9.34013144738874,25.8173733730675,6.78203654014276e-07,1.04163517555822e-06,"IM_1A-pos-87.5998582197393","DON_WAR20","1A","S1A_369082962",66.4008386184368,"S1A_544495389",99.5578934228489,"S1A_544915041",99.5578994228489
1,5.6566513678682,7.88766258149271,14.2616926537119,39.4212272329156,1.67091041003431e-09,3.11906744876467e-09,"IM_4A-pos-132","DON_WAR20","4A","S4A_618277948",83.1831116732688,"S4A_685784679",103.621108897745,"S4A_723850463",139.766637533019
1,3.53116832452886,5.12468799802869,8.90287098812887,24.608726942171,1.18583795116756e-06,1.78872686218412e-06,"IM_5A-pos-66.8907428461967","DON_WAR20","5A","S5A_33931364",43.034188230787,"S5A_473407502",66.8907428461967,"S5A_503945747",78.6586736546575
1,1.72328086041244,2.59310599736297,4.34477933832584,12.0095515821148,0.000548915345477297,0.000680601051089136,"IM_6A-pos-32.3747597537843","DON_WAR20","6A","S6A_25317042",9.02757838344931,"S6A_459678701",32.3747597537843,"S6A_584998514",47.1307708756158
