"QTL","N","Chromosome","Left Marker","Left Position (cM)","Left Position (Mbp)","Peak Marker","Peak Position (cM)","Peak Position (Mbp)","Right Marker","Right Position (cM)","Right Position (Mbp)","LOD","PV","Effect","Unadjusted.Effect"
"QDon.nc-1A",6,"1A","S1A_369082962",66.4,369.1,"S1A_514115822",86,514.1,"S1A_544495389",99.6,544.5,7.06996385474732,8.24032935609929,-0.138335995441266,-2.38102705476424
"QDon.nc-2B",3,"2B","S2B_34568787",39.3,34.6,"S2B_159489983",84,159.5,"S2B_700411245",109,700.4,4.79191280771217,5.40566579657382,-0.109061768448368,-2.43426015173411
"QDon.nc-3A",3,"3A","S3A_702961747",133.7,703,"S3A_708009025",135.8,708,"S3A_716071855",146.1,716.1,8.3276242560691,9.88424359376776,-0.14806552754796,-2.65202314556553
"QDon.nc-4A",2,"4A","S4A_634844017",100.1,634.8,"S4A_645662033",108,645.7,"S4A_703941623",127.2,703.9,6.01161217117687,6.90095237311241,-0.131860214917896,-2.24721386792946
"QDon.nc-5A",1,"5A","S5A_455344314",58.5,455.3,"S5A_494411337",75.7,494.4,"S5A_653294814",178.3,653.3,8.52599178081182,10.1488430911075,-0.190950546148724,-2.94492896270264
"QDon.nc-7A.1",NA,"7A","S7A_12454707",23.4,12.5,"S7A_29260327",48,29.3,"S7A_637318634",155,637.3,4.40702488461412,4.94428207443609,-0.105146420333411,-1.52944897221692
"QDon.nc-7A.2",NA,"7A","S7A_101289656",124.7,101.3,"S7A_365105235",137.8,365.1,"S7A_652539616",159.8,652.5,4.3635416581715,4.89246755256016,-0.103232229714163,-2.2095591117914
"QDon.nc-7D",2,"7D","S7D_194129833",108.6,194.1,"S7D_517502398",117.2,517.5,"S7D_527727944",118,527.7,4.8070938774491,5.42396587433293,0.109171811916864,2.39630263799901
"QFdk.nc-1A",3,"1A","S1A_303728193",61.8,303.7,"S1A_530258857",88.1,530.3,"S1A_544915041",99.6,544.9,9.12056430281582,10.3090612086432,-0.134783589744182,-6.5399846454124
"QFdk.nc-2A",2,"2A","S2A_39571861",0,39.6,"S2A_42194544",0.8,42.2,"S2A_45102051",11,45.1,5.59080679925391,6.0054837273216,-0.100905636822041,-5.32114273144451
"QFdk.nc-3A",3,"3A","S3A_702961747",133.7,703,"S3A_714415200",140,714.4,"S3A_717289076",155.4,717.3,7.07321199464255,7.76137998802993,-0.117466163118953,-5.72781098966169
"QFdk.nc-3B",2,"3B","S3B_42869341",42.9,42.9,"S3B_62419406",52,62.4,"S3B_581338402",74.9,581.3,3.94043134804193,4.13421763343779,-0.0862624688139775,-5.00631672921571
"QFdk.nc-4A",2,"4A","S4A_618277948",83.2,618.3,"S4A_695721444",112,695.7,"S4A_744433737",148.6,744.4,5.33400150161452,5.70861449584623,-0.0988934486009638,-4.33999666810259
"QFdk.nc-5A",1,"5A","S5A_455344314",58.5,455.3,"S5A_458524694",62,458.5,"S5A_650459010",177.9,650.5,7.80435449854666,8.65453318535948,-0.121965920248872,-6.75239647369169
"QFdk.nc-7A",2,"7A","S7A_20171492",34.7,20.2,"S7A_30866047",50,30.9,"S7A_36545685",62.1,36.5,6.4789717516567,7.04877180554848,-0.112524213317677,-5.66158459649241
"QFdk.nc-7D",1,"7D","S7D_78865384",83.3,78.9,"S7D_517502398",117.2,517.5,"S7D_527727944",118,527.7,5.64436979002673,6.0676716656084,0.100345148464732,5.58766328311178
"QFvr.nc-2A",1,"2A","S2A_39571861",0,39.6,"S2A_42486389",2,42.5,"S2A_45084254",9.8,45.1,3.04291163313958,4.14081619366558,-0.0648811388185308,-0.455264712889463
"QFvr.nc-2B",2,"2B","S2B_32138311",38.4,32.1,"S2B_74203790",66,74.2,"S2B_163977776",86.5,164,4.64587617248182,6.46774480872527,-0.0820449700598022,-0.59533989786946
"QFvr.nc-2D",NA,"2D","S2D_11197914",0,11.2,"S2D_18184616",32,18.2,"S2D_406151907",89.2,406.2,3.49657075697263,4.78883855088227,-0.069128965859783,-0.384589969648981
"QFvr.nc-3B",2,"3B","S3B_58771568",46.4,58.8,"S3B_252356884",58.7,252.4,"S3B_678547278",88.6,678.5,4.41768400957319,6.13010290612495,-0.079078647113715,-0.417981933177682
"QFvr.nc-4A",2,"4A","S4A_645662033",105.8,645.7,"S4A_693357526",114.9,693.4,"S4A_744433737",148.6,744.4,2.97770196839209,4.04834109424203,-0.0638120199830652,-0.370435759734275
"QFvr.nc-5A",2,"5A","S5A_400505663",50.9,400.5,"S5A_458524694",60.4,458.5,"S5A_503945747",78.7,503.9,7.48211402942257,10.8488453374502,-0.104614296329794,-0.709644026508536
"QFvr.nc-7D",1,"7D","S7D_78865384",83.3,78.9,"S7D_527727944",118,527.7,"S7D_527727944 ",118,527.7,5.21236552461355,7.3152988643335,0.0851016066301624,0.592017561098542
