"GENOTYPE","FHB_ME","FDK_ME","DON_ME","HD_ME","PH_ME","FHB_KIN19","FDK_KIN19","DON_KIN19","HD_KIN20","FHB_KIN20","FDK_KIN20","DON_KIN20","PH_KIN20","HD_RAL19","FHB_RAL19","FDK_RAL19","DON_RAL19","HD_RAL20","FHB_RAL20","FDK_RAL20","DON_RAL20","PH_RAL20","FDK_WAR19","DON_WAR19","HD_WAR20","FHB_WAR20","FDK_WAR20","DON_WAR20"
"13955-138",1.42157319464789,3.44997905994712,2.16090327121913,98.8749999813817,85.0000000000316,1.60943731895689,3.2185696674422,2.39110165960355,87,1.87052829655452,4.13424647614771,2.55227068622197,83.75,101.5,1.60943791243411,3.86015136625322,3.59088053652901,87,1.38629436111968,3.31248868774212,1.02907665892515,86.25,50,2.30103317363111,120,1,2.01486512285221,0.506817602367961
"13955-191",1.07982396062871,3.12317791860338,2.05696236191434,101.87499998124,98.7500000000319,1.0986116951909,2.30227893556804,1.87722725298821,91.5,1.09733840832104,3.55442798089477,2.43303310485459,99.9999999999999,103.5,1.25276296849538,3.62376258818899,3.36841981214471,90.4999999999999,0.916290731873915,2.52403132737785,1.58051266679235,97.5000000000001,20,1.64337011779279,122,3,3.55531016379936,1.4060969884156
"13955-14",1.02266552209451,3.30180585644912,1.70657709539078,98.4999999813554,82.5000000000317,1.0986116951909,3.21856966744219,1.83034366708936,86.5,1.38502048077282,3.68795937351929,2.57904092728657,81.25,100.5,1.01160091167849,3.62376258818899,2.57104912571401,87,0.916290731873946,3.21717850793779,1.39392671121194,83.7500000000001,15,1.202420884963,120,2,3.31414810698247,0.858661619037028
"13955-3",0.932405729315397,2.89470186424692,1.68864820320884,97.4999999812099,90.000000000032,0.916290731874072,2.52542248688225,1.83034366708936,86.5,1.09733840832104,3.21795574427355,2.45889661544451,88.7499999999999,100.5,1.09861228866812,3.112936964423,2.32781881583307,83.5,0.916290731873966,2.99403495662359,1.80774601292325,91.2500000000001,10,1.24622350762139,119.5,2,3.11347741152032,0.431782416425107
"13955-123",1.21797428502504,2.83327032374094,1.5778202393131,98.8749999813657,85.0000000000317,1.38629376764268,2.52542248688225,1.64642082892843,85.5,1.5028035164292,3.21795574427355,2.22505777501355,83.75,102,1.09861228866811,3.68830110932656,2.89225389020444,87,1.25276296849516,2.01320570361186,0.692604422303935,86.25,15,1.23183477016929,121,2.5,2.70801230341215,0.392042087775533
"13955-188",0.893185000934477,3.18231257938516,1.6763505454725,100.499999981242,102.500000000032,0.40546510810801,3.21856966744219,2.2437769448467,88,1.38502048077282,3.62342085238172,2.09917752912455,103.75,104.5,0.916290731874167,3.21829748008082,2.3181100017061,88,1.09861228866787,2.7063528841718,0.169200016331083,101.25,60,2.42267828305344,121.5,1.5,2.01486512285221,0.0392207131528174
"13955-GA06493-13LE6",1.92003036185184,4.3478127012439,3.53218499457383,101.332718863973,92.8750000000318,1.83827956964523,4.38526119663952,4.6527064798896,90.5,2.00020611986305,4.42989671824867,3.6539082343145,91.5,106.918951617237,1.88706962980687,4.35005036420947,4.50769516522892,88,2.04122032885947,4.21043028094808,2.5078265429451,94.25,97.8112768055311,3.73583263257898,120.7,6.2,4.1351286590523,2.07944154167937
"13955-36",1.50295061712611,3.89215421929717,2.63704403665387,100.874999981208,94.3750000000319,1.70474809223833,4.17408111246963,3.46661823347702,90,1.2514890881483,3.68795937351929,2.62332860748769,89.9999999999999,105,1.70474809223844,4.3814482898865,3.72492409305717,87,1.50407739677608,3.2171785079378,0.369422394697551,98.75,65,2.91930668521585,121.5,4,3.68884155642388,1.6014057407364
"13955-171",1.28522713813789,3.36518846140119,1.79176893770276,101.374999981255,91.8750000000318,1.25276296849515,3.31387984724652,2.78277344557938,90,1.09733840832104,3.62342085238172,1.65327145145787,89.9999999999999,105,1.3862943611199,3.68830110932656,2.4461384761334,88.5,1.38629436111965,2.99403495662359,1.14685969458153,93.7500000000001,20,1.7684128900377,122,4,3.55531016379936,1.16315080980522
"13955-94",1.83319230163424,3.97545885397035,2.57709399741661,98.2499999811712,83.7500000000319,1.94591014905539,3.86042355361459,2.74182284196629,86.5,2.07816766133277,4.44173117589567,2.75188374012598,83.75,100,1.79175946922806,4.31690976874893,3.76013899934824,86.5,1.5040773967761,3.47954277240529,1.36795122480868,83.75,40,2.7998466409491,120,6.5,4.05174705011325,1.86872051036371
"13955-107",1.02421324971642,3.10696393439654,1.7939102637204,96.3749999814203,97.5000000000311,1.38629436111977,3.21856966744219,2.18381348007914,84,1.2514890881483,3.40027730106751,2.00325740724581,92.5,100,1.32175583998231,3.55476971670204,2.4461384761334,83,0.916290731873945,2.30088777606364,1.46803468336566,102.5,50,2.28093199431002,118.5,0.500000000000003,2.01486512285221,0.797507195883698
"13955-181",1.29553247284381,3.5380725793437,2.6699516379233,98.4999999812376,85.6250000000318,1.60943731895689,4.00702702780646,3.58682132217277,85.5,1.70347421189136,3.85980963044595,3.01790431579658,83.7499999999999,102.5,1.55814461804656,3.91144466064077,3.69583113211551,86,1.38629436111965,2.99403495662359,1.87349979147383,87.5000000000001,35,2.58871524608289,120,0,2.86216298323941,0.824175442965887
"13955-69",1.20066969459442,3.09679473159105,1.78836804879912,98.2499999811752,89.3750000000319,1.38629436111994,3.55504190406341,2.62604743597439,86.5,1.5028035164292,3.95989308900293,2.54057464645877,87.5,100,1.3862943611199,3.31360765988515,1.78259176534974,86,1.09861228866792,2.30088777606364,0.709953060638546,91.25,20,2.10971605392858,120.5,1.5,2.30254719530399,0.850150929369153
"13955-146",0.872982262783546,2.73436070715341,1.10258211740814,97.8749999813035,96.2500000000317,1.09861228866797,2.30227893556804,1.46793804844164,87,1.5028035164292,3.62342085238172,1.7442432296636,95,98.9999999999999,1.01160091167849,3.40061903687478,1.99904632851315,86,0.693147180559735,2.30088777606364,1.16435226956744,97.5000000000001,10,0.847875867282091,119.5,0,2.30254719530399,-0.478035800943491
"13955-26",1.36318865685822,3.44163566261798,1.89666297698053,98.8749999812151,85.6250000000319,1.60943791243404,3.55504190406341,2.13192864471013,87,1.38502048077282,3.68795937351929,2.84285551833171,83.7499999999999,100.5,1.25276296849538,3.68830110932656,2.61187112023427,86.5,1.50407739677608,3.31248868774212,1.60889515417809,87.5000000000001,20,1.36717611803906,121.5,3,3.4011594839721,0.76080582903333
"13955-180",1.36318861643113,3.41330074712474,1.86350097575835,96.2499999812272,91.8750000000318,1.70474809223831,3.55504190406341,2.32014992363127,84.5,1.70347421189136,4.17346718930099,2.60878289648531,88.7499999999999,99,1.3862943611199,3.74892573114299,2.43317933149089,83,1.25276296849513,2.52403132737785,0.29531442254383,95.0000000000001,45,2.40040564744431,118.5,1.5,2.5256907466182,0.182321556793492
"13955-72",1.31189535989461,3.50574408623336,1.9471462504999,100.624999981174,90.6250000000319,1.38629436111994,3.74919791850437,2.74182284196629,93,1.09733840832104,3.55442798089477,1.83559300825183,87.5,102,1.70474809223844,3.80608414498294,3.08866979261283,87,1.3862943611197,3.11181799227997,0.502953787322075,93.75,45,2.05397407092034,120.5,2.5,2.99569437586393,0.900161349943814
"13955-129",1.00651367763536,3.09690952954385,2.08637221541569,101.749999981413,85.6250000000316,0.810930216216254,3.74919791850436,3.31012837129658,90,1.5028035164292,3.40027730106751,2.92623712727076,83.75,106.5,1.32175583998232,3.55476971670204,2.42882202612194,89.5,0.693147180559735,2.01320570361186,0.620736822978458,87.5,20,1.79351881116878,121,1.5,2.70801230341215,0.378436435719756
"13955-54",1.55587300447507,3.79092240885859,2.71069272048898,101.999999981198,89.3750000000319,1.70474809223839,3.86042355361459,3.8532148572808,91.5,1.5028035164292,3.80574240917567,3.1689218337918,88.75,106.5,1.65822807660354,3.91144466064077,3.266088454426,88,1.70474809223823,3.68718213718353,2.19627318373688,90,70,2.62534937926267,122,3.5,3.21883792717814,0.858661619037092
"13955-196",0.893185013489251,2.9795746073454,1.57239905520134,102.37499998123,98.7500000000319,1.09861228866801,3.31387984724652,2.36800594480891,91,1.2514890881483,2.99481219295935,2.41095715315539,99.9999999999999,105.5,0.405465108108175,3.112936964423,1.60823837820497,90.4999999999999,0.916290731873916,2.30088777606364,0.121674874468238,97.5000000000001,35,2.0791326305565,122.5,2,2.5256907466182,0.165514438477066
"13955-97",1.71736046203085,4.03490922101581,2.80500778057549,98.749999981175,88.1250000000318,2.01490302054232,4.49950351290425,4.02311389407619,87,1.70347421189135,4.21120751728384,2.59285303093302,87.5,102.5,1.94591014905532,4.21154925309111,3.83243283725329,86.5,1.60943791243393,3.62264361604596,1.85575523210961,88.75,70,2.79682092003256,119,3.5,3.4011594839721,1.18784342239558
"13955-157",0.93240573901053,3.08490367197015,1.52077539530447,101.624999981293,88.1250000000318,0.693147180559803,3.31387984724652,2.57037443354815,91,1.09733840832104,3.21795574427356,1.35601992798994,87.5,103,0.916290731874165,3.40061903687478,2.3181100017061,89,1.0986122886679,2.01320570361186,0.469460870989724,88.7500000000001,25,1.74266039393529,123.5,2.5,3.21883792717815,0.431782416425121
"13955-33",1.32496746190308,3.57197211994821,2.24611928998139,101.499999981219,88.750000000032,1.25276296849526,3.62403477555036,2.87696066063909,91,1.2514890881483,3.55442798089477,2.62693221499098,88.7499999999999,104,1.44691898293634,3.86015136625322,3.13713742815505,90,1.3862943611197,3.31248868774212,-0.202772175444732,88.7500000000001,40,2.44876671913773,121,4,3.4011594839721,1.41098697370983
"13955-88",1.60613486884461,4.01929007750902,2.59404240662186,101.749999981181,93.7500000000319,1.50407739677635,3.80635633234431,3.29544920863354,89.5,1.70347421189135,4.24757516145471,2.77379622775686,90,105.5,1.50407739677628,4.24791689726198,3.912805632403,89,1.60943791243397,3.55365074455901,1.58051266679235,97.5,70,2.40040564744431,123,6,4.00729528754242,1.1817271953782
"13955-161",1.53503892145257,3.82570889329011,2.84354552458816,102.499999981262,87.5000000000319,1.7047480922383,4.17408111246963,4.24697147612406,90,1.70347421189136,3.74858399533573,2.37177346383967,82.5,108.5,1.44691898293634,4.13458821195498,3.53323984633537,89.5,1.38629436111968,3.68718213718353,2.5872212769717,92.5000000000001,45,2.41382866777645,122,4.5,3.4011594839721,1.40609698841565
"13955-92",0.6947340712592,2.95357908929237,1.92485183620502,100.249999981173,88.1250000000319,1.09861228866823,3.62403477555036,2.87976571156669,88.5,0.915016851527086,3.31326592407788,2.63052288312171,88.75,105,0.810930216216337,3.31360765988515,2.50043155850006,87,-1.69420033557799e-13,2.30088777606364,0.741394586473365,87.5,20,1.93220219870273,120.5,1.5,2.01486512285221,0.392042087775593
"13955-176",0.951453914284423,3.01015966094543,1.62719834449999,100.249999981243,102.500000000032,1.09861228866796,3.11320915178437,2.21151608262847,89.5,1.09733840832104,3.80574240917567,1.96215573156025,105,102,1.32175583998233,3.48066174454831,2.53243428958623,88,0.693147180559704,1.60774059550369,-0.601928114359631,100,30,2.15101986006981,121.5,1.5,2.30254719530399,-0.0618754037185479
"13955-7",1.17081676087951,3.09442151975812,1.90097769979366,101.499999981177,93.7500000000319,1.38629436111994,3.74919791850437,2.97329176957752,89.5,1.09733840832104,3.31326592407788,1.84349818775894,92.5,104.5,1.3862943611199,3.40061903687478,2.71868512452008,89.5,1.09861228866792,2.52403132737785,0.903675392383874,95,20,2.17387799814586,122.5,2.5,2.5256907466182,0.364643113587453
"13955-103",1.15554927976809,3.10443773685075,1.7991936724711,100.749999981406,95.6250000000319,1.09861228866798,3.21856966744219,2.6403845991208,89.5,1.38502048077282,3.62342085238172,2.47158177497182,96.2499999999999,104.5,1.32175583998232,3.31360765988515,2.4504211379254,87.5,1.0986122886679,2.7063528841718,0.460041649073232,95,25,1.81800983117707,121.5,2.5,2.5256907466182,0.631271776841368
"13955-112",1.33787082530822,3.50514414948335,1.83606169552702,98.3749999815047,91.2500000000314,1.50407739677619,4.09403840479609,2.9656092734055,87.5,1.79048558888099,3.74858399533573,1.96215573156025,93.75,100.5,1.25276296849536,3.112936964423,1.936742445177,85.5,0.916290731873945,2.99403495662358,1.19610096788202,88.75,35,2.21266402318102,120,3,3.48120219164564,0.78845736036378
"13955-24",1.2006697272363,3.35453373148988,1.86067009957174,100.874999981219,93.7500000000319,1.25276296849532,3.48093393190968,2.42697994726846,90,1.2514890881483,3.55442798089477,2.26716926036368,89.9999999999999,104,1.3862943611199,3.55476971670203,2.85303317705116,88.5,1.09861228866792,2.99403495662359,1.13156244674445,97.5000000000001,35,1.9464881559502,121,3,2.99569437586394,0.378436435719817
"13955-2",0.828003158671127,2.65724138856575,1.22250077752055,98.6249999812181,90.0000000000319,1.09861288214532,3.24362208403506,2.17105898376602,87,0.915016851527087,3.11259522861573,1.31679921483666,91.2499999999999,101.5,0.916290731874166,2.70747185631483,1.9579446528276,86.9999999999999,1.38629436111965,2.01320570361186,0.47569142074036,88.7500000000001,10,1.37975490024592,119,0,2.5256907466182,0.231111720962878
"13955-203",1.04695977997697,3.32238245158977,1.61316353951154,98.4379243699826,86.2577922602989,0.916290731874083,2.30227893556804,1.61715044662831,87.0000012761305,1.2514890881483,3.95492668386675,2.11955590572462,84.8277244541555,98.9999999999999,1.17865499634166,3.55476971670204,2.67867978990638,87.4152151077155,1.09861164219899,3.45947735151003,1.09766089506877,87.7096531270244,25,1.67055710003394,121.970183693693,2.96764457390227,3.39249127245163,1.04380306209694
"13955-90",1.14498030642087,3.28421831460894,2.11758172226553,99.6063176541648,82.015023459514,1.60943850591131,3.7136257132808,3.21966085185947,91,1.5028035164292,3.9111029248335,2.41984610057263,80,101.5,1.32175583998233,3.748925731143,3.09541897458776,84.5847848922844,0.693147827029066,3.16059585502053,NA,84.7903468729757,10,1.6128487824133,120.029816306307,0.0323554260977299,2.71675631031272,0.693148170636119
"13955-149",1.28522707599546,3.43887689680208,2.09253079205747,99.8749999813258,91.2500000000317,1.25276296849527,3.2185696674422,2.42256492905934,89,1.70347421189136,4.17346718930099,2.80444607021684,87.5,101.5,1.3862943611199,3.86015136625322,3.46124474680531,88,1.38629436111968,3.21717850793779,1.13156244674445,95.0000000000001,30,1.54102304784204,121,1.5,2.70801230341215,0.494696241835656
"13955-55",1.50295058571565,3.47618152731341,2.19565337849892,97.9999999811927,88.1250000000319,1.7047480922384,3.55504190406341,2.88256291618776,83.5,1.5028035164292,3.31326592407788,2.12327508070361,86.25,100,1.70474809223844,3.86015136625322,3.36841981214471,88,1.60943791243391,3.80496517283991,1.89407409641175,90,35,2.06663246779226,120.5,2.5,2.70801230341215,0.576613364303568
"13955-222",1.31189535769521,3.45266750250287,1.99991232566879,100.24999998123,97.5000000000319,1.09861228866804,3.40089122423615,2.53936419680559,87,1.60816403208703,3.68795937351929,1.85134136521997,94.9999999999999,103.5,1.3862943611199,3.86015136625322,3.20570009959235,88,1.25276296849518,3.2171785079378,1.63845395641963,100,35,2.03468086798566,122.5,3.5,2.99569437586394,0.587786664901689
"13955-139",0.96153458313364,3.19903944789464,2.12459806395543,102.12499998138,103.125000000032,1.09861288214532,3.48093393190969,2.76093170366434,92,0.691873300212877,2.99481219295935,2.08690743653273,102.5,106.5,1.25276296849538,3.86015136625322,3.42643110450118,88.5,1.0986122886679,3.11181799227997,1.20841758758096,103.75,20,2.00167457151749,121.5,2,2.70801230341215,1.14422279991967
"13955-111",0.718831613797741,2.41553945098421,0.886993322007857,97.9999999815543,94.3750000000313,0.693147180559875,2.99542611612798,1.33276327007339,87,0.915016851527086,2.3016650123994,1.12926699551149,97.5,102,0.69314718055994,3.31360765988515,1.83928710902629,84,1.25276296849516,2.7063528841718,0.949240889950495,91.25,3.5527136788005e-15,0.781917899490294,119,0.500000000000002,2.01486512285221,-0.248461359298991
"13955-66",0.809803379027402,2.65981494743398,1.17548429950234,99.8749999811755,95.0000000000319,0.693147180559962,2.7077440436762,1.66546902389912,89.5,1.2514890881483,2.3016650123994,0.870512112208237,95,101.5,1.09861228866812,3.40061903687478,2.3841717523842,88,0.916290731873965,2.01320570361186,-0.0258605662403009,95,15,1.35443709226163,120.5,0.500000000000001,2.70801230341215,0.620576487724654
"13955-41",1.34450510739677,3.61572301030391,2.43837457210928,99.9999999812082,94.3750000000319,1.38629436111982,3.86042355361459,3.43013520247165,88.5,1.43678042578343,3.85980963044595,2.50659268664862,92.4999999999999,103,1.3862943611199,4.09376621743472,3.35467389124007,87,1.3862943611197,2.99403495662359,1.55760185979054,96.25,60,2.53899181073046,121.5,3,2.70801230341215,0.841567185677791
"13955-223",1.73475217066439,3.9368501489855,2.69511952706916,100.874999981227,86.2500000000319,1.94591014905524,4.34997177893329,3.91377723003873,88.5,2.0136291401952,4.31656803294166,3.0154682609987,83.7499999999999,103.5,1.94591014905533,4.31690976874893,3.78068766757563,89,1.60943791243391,3.11181799227997,1.36043379487959,88.7500000000001,70,2.5030598015044,122.5,2.5,3.21883792717815,0.908258560176461
"13955-43",1.2006696813428,3.15544722728803,2.02393861035381,96.7499999812067,98.1250000000319,1.2527629684953,2.99542611612798,2.67878373205534,84,1.70347421189136,3.74858399533572,2.75821287517763,95,100.5,1.09861228866812,3.31360765988515,2.5785963313494,83.5,1.3862943611197,2.99403495662359,0.895545266300623,101.25,50,2.45304938092973,119,1,1.60940001474405,0.182321556793527
"13955-37",1.20066967505954,3.45890713715753,1.6463444920841,96.7499999812043,81.250000000032,1.50407739677619,3.62403477555036,2.48682686327771,84.5,1.70347421189136,4.00641310463782,2.20331778837714,78.75,98.9999999999999,1.3862943611199,4.21154925309111,2.44183739423401,86,0.693147180559756,2.99403495662359,0.128260337880663,83.7500000000001,15,1.65168861572956,117.5,1,3.11347741152032,0.165514438477146
"13955-50",1.375611188155,3.81758987078251,2.60537408607983,102.249999981212,91.8750000000319,1.25276296849529,4.13486039931635,3.54161588540472,90,1.60816403208703,3.74858399533572,2.82825671891055,91.25,106.5,1.32175583998233,4.09376621743472,3.40691829027759,89,1.25276296849518,2.86050356399906,1.58051266679235,92.5,60,2.5698822977498,123.5,4.5,3.91198510773809,1.60943791243367
"13955-76",0.446897879399694,2.82359914753231,1.24815132251857,99.3749999811801,101.875000000032,0.693147180559994,2.86189472350346,1.72052880108215,88.5,1.09733840832104,3.40027730106751,2.06190613432731,103.75,101,0.693147180559956,3.48066174454831,1.91508094839582,87,-1.91624494050302e-13,2.01320570361186,0.438415266184503,100,20,1.10860212974535,121,4.44089209850063e-16,2.01486512285221,0.322083499168655
"13955-140",0.670041481651851,2.47544324552961,1.41320794726537,101.249999981357,101.250000000032,0.693147180559804,2.86189472350346,2.238471892617,91.5,0.404191227761094,2.01398293994762,2.46050157944835,106.25,103,0.405465108108175,2.86162253614209,1.31258813610401,88,1.0986122886679,2.52403132737785,0.988461603103776,96.2500000000001,5.00000000000001,1.18738300759846,122.5,2,2.70801230341215,0.722705982800999
"13955-190",1.27162146288904,3.35603625525094,1.72244209527483,96.749999981232,98.1250000000318,1.38629436111973,3.91171684800214,2.12599390919031,83.5,1.5028035164292,4.09342448162745,2.62693221499098,97.4999999999999,100,1.17865499634166,2.70747185631483,1.97183376498827,84.9999999999999,1.09861228866787,2.99403495662359,1.36795122480868,98.7500000000001,20,1.91038315130809,118.5,3.5,3.31414810698247,0.565313809049594
"13955-77",1.12429673305688,3.24931556967392,2.13008200718095,100.24999998118,86.250000000032,1.25276296849541,3.68857329668793,3.08880465669936,89.5,1.2514890881483,3.68795937351929,2.66459693579187,87.5,102.5,1.32175583998233,4.05120660301593,2.95610536219097,88,1.09861228866792,3.2171785079378,1.16435226956744,85,10,1.84191535203063,121,2,2.30254719530399,0.770108221695615
"13955-187",0.852363043081352,2.9955814544293,1.60271215300153,99.7499999812442,95.0000000000318,0.693147180559799,3.21856966744219,2.74823312032721,89.5,0.915016851527086,3.21795574427355,1.69065898352949,97.4999999999999,101.5,0.693147180559956,3.31360765988515,2.03852513948694,87.5,0.916290731873914,2.7063528841718,1.19610096788202,92.5000000000001,20,1.65168861572956,120.5,3,2.5256907466182,0.431782416425074
"13955-95",0.912987631336332,3.07595168874246,1.54281672937456,100.249999981173,88.7500000000318,0.916290731874252,3.40089122423615,2.19498678067727,89.5,1.2514890881483,2.99481219295934,1.82762483860265,83.75,103.5,1.01160091167849,3.55476971670204,2.5972188434474,87,0.916290731873985,2.52403132737785,1.13156244674445,93.75,30,1.2462235076214,121,1.5,2.5256907466182,0.378436435719775
"13955-151",0.742362080847956,2.52624182865241,1.12570446630718,97.9999999812973,85.0000000000318,0.693147180559812,2.30227893556804,1.75562012089342,87.5,1.5028035164292,3.55442798089477,2.06190613432732,85,98.9999999999999,0.810930216216338,2.86162253614209,1.46100814122228,86.5,0.693147180559746,2.30088777606364,-0.0289252456417485,85.0000000000001,10,1.3017933587762,119,0,1.60940001474405,-0.415515443962073
"13955-184",1.3118953152139,3.51391173119181,1.5598784255471,97.4999999812405,85.0000000000318,1.38629436111975,3.40089122423615,1.95078982016522,85.5,1.87052829655452,4.17346718930099,1.99652337506446,83.7499999999999,98.9999999999999,1.09861228866812,3.48066174454831,2.47156357449921,86.5,1.38629436111965,3.39950006473175,NA,86.2500000000001,30,1.64211916471341,119,1.5,3.21883792717815,0.722705982801026
"13955-61",1.21526847211932,3.43624153820253,2.21555029231026,98.4999999811871,90.0000000000319,1.38629436111992,3.21856966744219,2.2437769448467,88.5,1.87052829655452,3.85980963044595,2.79840375576087,87.5,99,1.32175583998233,3.91144466064077,3.3529422890758,88,0.405465108107975,2.99403495662359,0.787914602108258,92.5,55,2.74393145611219,118.5,1.5,2.5256907466182,0.542325280901535
"13955-27",1.21526852347297,3.37564744773764,2.13508244563162,102.124999981216,96.8750000000319,0.916290731874107,3.40089122423615,2.61880102745363,92,1.60816403208703,4.09342448162745,2.54057464645877,94.9999999999999,105,1.01160091167849,3.55476971670204,3.28666916212602,89,1.25276296849518,3.2171785079378,1.51455469900056,98.7500000000001,30,1.87292558877319,122.5,3.5,2.5256907466182,0.985816794522335
"13955-163",0.970146076075453,2.85578449673093,1.61376642522681,98.6249999812585,89.3750000000318,0.405465108108043,3.11320915178437,2.12599390919031,89,1.09733840832104,3.40027730106751,1.66826349624417,91.25,99.5,0.916290731874166,3.112936964423,2.63700709350581,85,1.25276296849513,2.01320570361186,1.13156244674445,87.5000000000001,15,1.6611673596841,121,3,2.70801230341216,0.565313809049602
"13955-127",1.21526854293929,3.38198731845868,2.09330494941998,102.249999981414,93.1250000000316,1.32175583998221,3.96050701217157,3.43657644857451,90,1.09733840832104,3.40027730106751,2.09917752912455,93.75,106,1.09861228866811,3.40061903687478,2.52055296169948,90,1.38629436111968,3.55365074455901,1.55900646157139,92.5,25,2.08532460080442,123,3.5,2.70801230341215,0.741937344728887
"13955-NC13-20076",0.466531429422421,1.9744307209623,0.395744771283245,96.7818855424871,91.7953102511725,0.441832686336953,2.18175064833708,1.04931165520967,83.5555556973478,0.898164563142949,2.91257635329295,0.953795039287198,87.7364138282396,100,0.587786664902108,2.1394878187089,0.963503361431949,84.6016905675239,0.441832680457527,1.814900531245,-0.376522971429365,95.856628125225,2,0.530538534036084,119,0.75,1.89611523372116,-0.54856606212652
"13955-98",1.22159655620935,3.20387259027003,1.63642650136641,100.999999981176,90.6250000000318,1.25276296849544,3.40089122423615,2.14952440660051,90,1.09733840832104,3.21795574427355,2.31885106238532,90,102.5,1.38629445724743,3.21829748008082,1.80728437794011,88,1.38629436111972,3.11181799227997,1.25222021023936,91.25,35,1.97446200799261,123.5,3,2.70801230341216,0.732367893712756
"13955-158",0.982754228781056,2.86149411331488,1.48349091442391,101.713739604183,104.375000000032,1.09861228866796,2.86189472350346,1.50183960011732,91.5,0.691873300212876,2.70713012050756,0.932556701265432,103.75,104,1.01160091167849,3.40061903687478,2.73489293474693,89,1.25276296849516,2.30088777606364,0.667286614319644,105,20,1.77685175868356,122.029816306307,3.03235542609773,2.86216298323941,0.841567185677801
"13955-104",1.71736041340373,3.88042845518485,2.56731439804738,95.8749999814061,80.0000000000322,1.87180217690146,4.09403840479609,3.04940210883333,82,2.1387922831492,4.34935785576466,2.75505331488726,74.9999999999999,99,1.79175946922805,3.74892573114299,3.05888523125531,85,1.70474809223821,3.62264361604596,2.55280105308522,85,50,2.87265899642406,117.5,2,3.55531016379936,1.13140211149061
"13955-172",1.3878812549051,3.48519593679137,1.95765787336434,100.624999981247,82.5000000000318,1.38629436111967,4.00702702780646,3.17164066227851,89,1.60816403208703,3.80574240917567,2.776963424523,81.2499999999999,104.5,1.25276296849538,2.70747185631483,1.13823474895923,88.5,1.70474809223818,3.63059948426627,1.53566575983751,83.7500000000001,40,1.96754156514804,120.5,2.5,2.99569437586394,0.751416088683463
"13955-102",1.31189534212541,3.20871232518909,2.05632795060025,98.1249999814061,93.7500000000317,1.38629436111976,3.74919791850436,3.1201271278284,85,1.60816403208703,3.80574240917568,2.80100879128174,93.75,102,1.38629436111989,3.40061903687478,1.99231229633181,86,1.25276296849516,2.52403132737785,0.128260337880664,93.75,20,2.52318120470382,119.5,2.5,2.70801230341216,0.693147180559455
"13955-62",0.78782446292001,3.46139325552094,2.02698444034315,100.124999981189,97.5000000000319,0.91629073187418,3.31387984724652,2.4950913731276,90,1.2514890881483,3.68795937351929,2.60511316759634,96.2499999999999,101,1.17865499634166,3.48066174454831,2.61550088828485,87,0.693147180559755,2.99403495662359,0.90841889543024,98.75,70,2.47836718891403,122.5,0,2.99569437586393,0.875468737353444
"13955-48",1.22159654749051,3.6222266257589,2.50128269909124,101.87499998121,89.3750000000319,1.38629436111982,4.17408111246963,3.58405506867988,90,1.09733840832104,3.80574240917567,2.88263348978863,90,106,1.38629445724743,3.62376258818899,3.23537586773847,90,1.3862943611197,2.52403132737785,1.53702755485261,88.75,60,2.44876671913774,121.5,2.5,3.4011594839721,0.985816794522337
"13955-137",1.71090464127571,3.90078275686637,2.45680270177549,97.4999999813733,86.2500000000317,1.70474809223831,3.96050701217157,2.92628572720159,85.5,2.07816766133277,4.49888958973562,3.28530919580921,83.7499999999999,98.9999999999999,1.60943800856164,3.9602348248102,2.84442480251456,86,1.70474809223821,3.47954277240528,1.83885201882526,88.7500000000001,60,2.73430056305123,119.5,3.96764457390227,3.4011594839721,1.1378330018209
"13955-85",1.29915477676962,3.24626377723301,1.77601168465553,99.4999999811854,87.5000000000319,1.50407739677635,3.11320915178437,2.54720737426662,87,1.38502048077282,3.80574240917567,2.3974738028181,85,101,1.25276306462291,3.112936964423,2.54805960748931,88.5,1.09861228866792,2.86050356399906,1.02620193108662,90,40,1.55160515717258,121.5,3.5,2.86216298323941,0.457424847038458
"13955-106",1.18880670639018,2.86297606356585,1.18586575701551,96.3749999813658,83.7500000000313,1.25276296849525,2.7077440436762,0.914052935215199,85.5,1.5028035164292,3.6879593735193,2.16409707522386,81.25,99,1.38629445724743,2.70747185631483,1.58006750123827,83,0.916290731873945,2.30088777606364,-0.039620534758497,86.25,20,1.8805301881584,118,2.5,2.70801230341216,-0.223143551314699
"13955-84",0.855662223004789,2.9725508921558,1.24710740607814,99.7499999811861,93.7500000000319,0.693147180560029,2.99542611612799,1.95785698738832,88.5,1.5028035164292,3.68795937351929,0.827952497789441,91.25,102.5,1.25276306462291,2.86162253614209,2.051345827916,88,0.916290731873964,2.7063528841718,1.0625695752575,96.25,25,1.78522000835408,120,4.44089209850063e-16,2.30254719530399,-0.174353387145194
"13955-126",1.53369635018938,3.50386402504046,2.08815062906865,94.8749999813742,87.5000000000317,1.60943791243398,3.62403477555036,2.87696066063909,81,1.8422455338916,4.00641310463782,2.16409707522386,82.5,99.5,1.60943800856164,3.112936964423,2.25779021147258,83,1.60943791243389,3.11181799227997,1.40213436721299,92.5,50,2.55840989658756,116,2.5,3.21883792717815,1.55180879959697
"13955-135",0.852363000065495,3.10338472883153,1.40467288428107,98.1249999813693,97.5000000000316,0.916290731874045,2.99542611612799,1.42087053758365,87,1.2514890881483,3.40027730106751,1.7614850360981,96.2499999999999,99.9999999999999,1.09861228866811,3.31360765988515,2.42882202612194,87,0.693147180559735,2.7063528841718,0.29531442254383,98.75,45,1.91770919140016,118.5,1,2.30254719530399,0.292669613962329
"13955-219",0.953638805869532,3.35871553952642,1.65102459083143,98.2499999812334,93.7500000000319,0.916290731874104,3.2185696674422,2.4313755587415,85,0.743633245223486,3.9111029248335,2.12779582562262,91.2499999999999,100.5,1.09861228866812,3.48066174454831,1.87790194515407,87,0.693147180559755,2.30088777606364,0.573257664671368,96.2500000000001,45,2.17951181586412,120.5,3,3.31414810698247,0.722705982801061
"13955-201",1.14527309929393,3.18530241466408,1.66383691126886,97.6303036655284,91.8750000000319,1.09861228866803,1.6091317550081,1.04508119762161,85.5,1.79048558888099,4.38110655407923,2.67263436847184,89.9999999999999,99.4999999999999,1.09861228866812,2.30200674820667,1.73129847096219,85.9999999999999,0.693147180559739,2.86050356399906,1.60156607599018,93.7500000000001,30,2.10367373947261,120.029816306307,2.03235542609773,3.92072911463865,1.30291374225701
"13955-28",1.02215918939898,2.75976837444187,1.45015052508114,98.2499999812091,101.875000000032,1.09861288214532,1.63418417160096,0.760072010055758,87,1.38502048077282,3.11259522861573,1.69979146709276,101.25,101,1.01160091167849,2.86162253614209,2.32297619135728,86,0.693147180559756,2.30088777606364,1.3138840035384,102.5,35,1.92498195072924,119,2.5,2.5256907466182,0.405465108107735
"13955-22",0.313366499072411,2.53482196895657,1.60683033940718,101.499999981236,103.125000000032,0.405465108108107,2.52542248688225,1.93650386291775,90.5,0.691873300212876,2.01398293994762,2.73265237819809,105,104,0.405465108108176,2.52515029952088,1.91508094839582,89,0.693147180559754,2.01320570361186,0.563578409138509,101.25,30,1.81800983117707,122.5,0,2.5256907466182,0.165514438477145
"13955-49",0.961534494760568,2.94344922097907,1.25659638645498,95.374999981205,82.5000000000319,1.09861288214532,3.02047853272085,1.0601766025061,81,1.94463626870824,3.68795937351929,1.8033321460336,77.5,98.5,0.693147180559957,3.112936964423,2.41120042477212,85,0.405465108107975,2.7063528841718,0.561926098661817,87.5,20,1.27439438458809,117,4.44089209850063e-16,2.01486512285221,-0.478035800943428
"13955-91",0.718831625673371,2.96737758415568,1.62735864034156,101.624999981177,93.1250000000319,0.91629073187428,3.31387984724652,2.08962626501944,91.5,0.915016851527086,3.40027730106751,1.72669892001269,95,104.5,0.693147180559954,3.21829748008082,2.47156357449921,89.5,0.693147180559776,2.01320570361186,1.37317282065702,91.25,30,1.88053018815841,121,1.5,2.30254719530399,0.405465108107734
"13955-122",1.00235652443868,2.9333757480502,1.49935758152971,97.1249999813447,92.5000000000317,1.09861288214532,1.63418417160096,0.654711494397931,86,1.38502048077282,3.55442798089477,1.73550954969484,90,101.5,1.0986122886681,3.48066174454832,2.62988962573695,83,1.38629436111968,2.99403495662358,0.620736822978459,95,25,2.0791326305565,118,0,2.01486512285221,0.01980262729569
"13955-186",1.12429675244714,3.15710986271995,1.86396174504924,99.7499999812462,90.6250000000318,0.916290731874014,3.11320915178437,2.34436418175187,88,1.2514890881483,3.40027730106751,2.85151358107482,92.4999999999999,103,1.01160091167849,3.55476971670204,2.16558401760585,86.9999999999999,1.38629436111965,3.11181799227997,1.13085935323509,88.7500000000001,25,2.0791326305565,121,3,2.5256907466182,0.405465108107701
"13955-78",1.04160500646049,3.4205051774688,2.34571171993898,101.749999981179,91.250000000032,1.38629436111993,3.96050701217157,3.56729489982242,91.5,1.09733840832104,3.31326592407788,2.12779582562261,91.25,105,1.25276296849538,3.86015136625322,3.10434760533206,87.5,1.09861228866792,2.52403132737785,1.32121308172631,91.25,75,2.61812913128918,123,1,2.30254719530399,0.576613364303535
"13955-207",0.951453897338618,3.06461735089408,1.5785592526316,95.8749999812274,86.8750000000319,1.38629436111981,3.31387984724652,2.14369348628972,81,1.38502048077282,3.48032000874105,1.7673543988884,83.7499999999999,98.9999999999999,1.01160091167849,3.68830110932656,2.53243428958623,84,0.405465108107976,1.55115794258643,NA,90.0000000000001,40,1.87292558877319,119.5,1,2.01486512285221,0.0582689081235497
"13955-202",1.3631886335032,3.68928534270214,2.25945246728073,97.6249999812209,80.6250000000319,1.79175946922797,3.91171684800214,3.14191448201331,84.5,1.5028035164292,4.00641310463782,2.39293864765271,79.9999999999999,99.9999999999999,1.3862943611199,3.91144466064077,3.36157047029913,85.9999999999999,1.25276296849516,2.86050356399906,1.46803468336566,81.2500000000001,55,2.14522274238549,120,2,3.4011594839721,0.760805829033357
"13955-38",1.52445682158945,3.87602340808636,2.56503549813961,100.62499998121,87.5000000000319,1.60943791243402,3.86042355361459,3.19847405758158,89,1.5028035164292,3.9111029248335,2.81642226126355,83.75,103,1.60943791243411,4.34969959157192,3.42643110450118,88,1.50407739677608,3.2171785079378,1.72222383948509,91.25,60,2.78462564693874,122.5,4.5,3.80662459208026,1.49514876603154
"13955-82",1.33787080114871,3.50772192521053,2.28561190809187,99.3749999811835,87.500000000032,1.50407739677632,3.74919791850437,2.80414830516412,90,1.70347421189135,4.09342448162745,2.66227158143629,85,101,1.50407739677629,3.86015136625322,3.54475076480151,87,1.3862943611197,3.31248868774212,1.80790250898801,90,20,1.91038315130809,119.5,1,2.99569437586394,0.858661619037102
"13955-156",1.30096769400324,3.38541478524382,1.89782032084322,99.4362189292217,92.7933459713942,1.3862949545971,3.02047853272085,2.12104856319136,88,1.50280351642921,3.80574240917567,2.53326093373078,91.25,101.5,1.3862943611199,3.86015136625322,2.96124676169139,86.5847848922845,1.09861293513723,3.34291741181449,NA,94.7903468729757,25,1.72511608428438,121.5,3,3.00443838276449,0.858662609113692
"13955-134",1.18467809067263,2.6004494227842,1.33720319776584,95.6249999813449,85.6250000000317,1.3862949545971,2.32733135216091,1.61448733821183,82,1.5028035164292,3.40027730106751,1.77843459441188,81.2499999999999,99.5,1.25276296849537,3.31360765988515,2.42882202612194,82,1.50407739677606,2.52403132737785,0.717297034894306,90,5,1.31521637910834,119,0.500000000000002,2.01486512285221,-0.356674943939222
"13955-80",1.10829637958847,3.16082978776131,1.58467883397299,95.624999981177,85.000000000032,1.2527629684954,2.99542611612799,1.93650386291775,84,1.38502048077282,3.68795937351929,1.65327145145787,81.25,99,1.25276296849538,3.80608414498294,2.74130321310785,81,1.09861228866792,2.30088777606364,0.117240277400371,88.75,40,2.0914784663788,118.5,1.5,2.30254719530399,0.482426149243878
"13955-53",0.415149193141299,2.87821143286722,1.47136580451104,99.9999999811993,93.1250000000319,0.405465108108135,3.31387984724652,2.61150172497202,89.5,0.915016851527087,3.11259522861573,1.43012790014366,92.5,101,0.81093021621634,3.21829748008082,2.11309383498445,88.5,-1.90736315630602e-13,2.01320570361186,0.424724977148333,93.75,30,1.73392671396653,121,0.500000000000002,2.01486512285221,0.148420005117847
"13955-215",1.04160501233516,3.24208266186605,1.80750438046338,100.749999981238,97.5000000000319,1.25276296849532,3.40089122423615,2.69576206858975,89.5,1.09733840832104,3.40027730106751,1.66826349624417,98.7499999999999,104.5,1.3862943611199,3.80608414498294,3.04247220161397,88.5,0.916290731873966,2.7063528841718,0.335929478365201,96.2500000000001,30,1.74266039393529,120.5,1.5,2.70801230341215,0.444685821261017
"13955-162",1.51084088674548,3.67251468379587,2.29074059688383,97.0060638885535,85.8359307534542,1.50407739677615,3.31387984724652,2.40470731165933,84.6666670920435,1.96159364057337,3.99003702461637,2.38838283111685,84.9425748180518,99.5,1.55814461804656,3.86015136625322,3.23732328802286,85.1384050359052,1.46633685330353,3.47316272049061,2.05449772133727,86.7365510423415,40,2.59615022457041,118.5,2.5,3.68594379590577,1.17557299977841
"13955-150",1.02013668015368,3.17965926037202,2.10511108772855,100.32231943661,85.6991471195758,1.09861228866798,3.31387984724652,2.90466326318842,93.0000012761304,0.743633245223486,3.44410106010076,2.2517276788331,84.8277244541555,101,1.3862943611199,3.9602348248102,3.42481950060683,NA,1.38629500758901,2.36086506284192,-0.22841460605807,NA,30,2.060323298599,120.970183693693,-0.0323554260977316,2.29387898378352,0.182320566717781
"13955-165",0.988495210208997,3.27740739730008,2.73350763002428,102.37499998126,94.3750000000318,1.25276296849524,3.91171684800214,3.56306059568363,93,0.404191227761094,2.70713012050756,3.73459869041871,96.25,105.5,1.32175583998233,3.62376258818899,3.26608845442599,89,1.09861228866787,2.7063528841718,1.80774601292325,92.5000000000001,55,2.56224867289473,122,2,2.5256907466182,1.32972400963104
"13955-120",1.15554930982149,3.54013717226376,2.14604653922117,102.287557407961,99.3750000000315,1.09861228866799,3.48093393190969,2.8964327640519,NA,0.691873300212876,3.40027730106751,2.53664536831889,102.5,106,1.32175583998231,3.31360765988515,2.10708781092424,90,1.50407739677606,3.55365074455901,1.60156607599018,96.25,50,2.75347047915895,122.5,3,3.55531016379936,1.12492959698499
"13955-179",1.60613484986263,3.69903604111354,2.40004187834061,101.124999981234,91.2500000000318,1.50407739677615,4.00702702780646,3.42039486572327,89.5,1.79048558888099,4.05086486720866,2.83704154846629,92.4999999999999,105,1.50407739677628,3.9602348248102,3.12415023262824,89,1.70474809223818,3.39950006473175,1.49156518077585,90.0000000000001,35,2.19068511646224,121,5,3.21883792717815,1.16938135955585
"13955-29",0.59207990847783,2.54560095270341,1.36243986353378,99.9999999812116,100.625000000032,-7.57172102794357e-14,2.30227893556804,1.70251029557947,90,0.691873300212876,2.86128080033482,1.82762483860265,101.25,103.5,1.17865499634166,3.31360765988515,1.92957395569839,85,0.916290731873966,2.30088777606364,0.215271714870293,100,15,2.12762698049511,121.5,0.500000000000002,1.60940001474405,-0.198450938724269
"13955-155",0.95538317449496,2.98844107757148,1.60907632673417,99.2302037708939,92.5000000000318,1.25276296849522,3.48093393190969,2.40470731165933,87,1.32048195963525,3.48032000874105,2.12468099136783,90.625,102.5,0.916290731874165,2.99515392876661,1.99231229633181,86.75,1.09861228866791,2.30088777606364,0.418182238005016,94.3750000000001,25,2.0914784663788,120.75,0.750000000000002,2.42033023096037,0.431782416425129
"13955-143",1.41197881433454,3.6556551985295,2.62643463166968,101.374999981323,96.8750000000318,1.25276296849521,3.91171684800214,3.48207449171371,90,1.70347421189136,3.68795937351929,2.55065267644265,92.5,105,1.3862943611199,4.00675484044509,3.5375719830745,89,1.50407739677606,2.7063528841718,1.46803468336566,101.25,74.9999999999999,3.12895475505517,121.5,3.5,3.21883792717815,0.858661619037029
"13955-86",0.670041432761009,2.83722673362737,1.60966756734166,99.7499999811853,90.0000000000319,0.916290731874236,3.31387984724652,2.76093170366434,88.5,1.09733840832104,3.40027730106751,2.23041971815493,88.75,103.5,0.916290731874163,3.112936964423,2.44183739423401,88,0.693147180559753,2.99403495662359,0.128260337880663,91.25,10,1.01591146682857,119,4.44089209850063e-16,1.60940001474405,-0.616186139424235
"13955-113",1.0586994492081,3.19745076649881,2.30413388783673,101.1249999815,91.8750000000314,1.09861228866803,3.40089122423615,3.22262009988679,89.5,1.2514890881483,3.48032000874105,2.484108034791,92.5,104.5,1.32175583998231,3.80608414498294,3.18336414565029,89.5,0.916290731873945,2.7063528841718,1.96447156967955,91.25,25,2.12169224497529,121,2,2.5256907466182,0.867100487682893
"13955-13",1.3118953165899,3.32527944334666,1.80476580864548,99.9999999813823,93.1250000000315,1.38629436111981,3.48093393190969,2.88256291618776,88,1.70347421189136,3.95989308900293,2.06190613432732,92.5,103.5,1.38629436111989,3.112936964423,1.62982901079733,88,1.50407739677606,3.62264361604596,1.34753039004368,93.75,20,2.27072782413578,120.5,1,2.70801230341215,0.506817602367962
"13955-65",1.28522711081813,3.62254907179419,2.72670881593747,104.124999981184,98.1250000000319,1.50407739677629,3.91171684800214,3.81437502396453,93.5,1.38502048077282,3.74858399533572,2.80142947667741,98.75,108,1.3862943611199,3.86015136625322,3.31045802409003,91.5,1.09861228866792,3.2171785079378,2.05358097543954,97.5,60,3.14833103401831,123.5,3,2.86216298323941,0.832909122934648
"13955-99",1.3756111333895,3.53358867751448,2.07756839339179,99.1249999811736,85.6250000000318,1.50407739677635,3.86042355361459,2.86566110538515,86,1.87052829655452,3.85980963044595,2.59402248090219,87.5,103.5,1.44691898293633,4.0067548404451,3.37012484239579,86,1.09861228866794,2.30088777606364,0.530085492806157,83.75,35,1.59284811570663,121,2,3.48120219164564,0.722705982801019
"13955-39",1.04160499594193,3.00797583229373,1.60885860844443,100.124999981207,91.8750000000319,1.2527629684953,3.40089122423615,2.51141826641503,88.5,1.38502048077282,3.68795937351929,1.56365929276818,91.2499999999999,104,1.25276296849538,3.48066174454831,2.6888321613704,88,0.916290731873966,2.86050356399906,0.502953787322075,92.5,15,1.61284878241329,120,1,1.60940001474405,0.262364264467065
"13955-189",1.15465237205934,2.85955700433248,1.65502556122494,100.999999981238,95.0000000000318,1.38629436111973,3.55504190406341,2.8280300371675,89,1.5028035164292,3.55442798089477,2.27742576053086,94.9999999999999,106,1.38629426499235,2.86162253614209,1.7435043766417,88,1.09861228866787,2.01320570361186,0.497678092985836,95.0000000000001,15,1.75990220036979,121,1,2.30254719530399,0.246860077931059
"13955-204",1.0416050388318,3.49507273682676,1.99747641432737,99.1249999812271,91.8750000000319,0.693147180559868,3.2185696674422,2.42697994726846,86.5,0.915016851527086,3.68795937351929,1.97144975523192,93.7499999999999,102,1.09861228866812,3.9602348248102,3.01369323706393,87,1.50407739677608,3.55365074455901,1.87349979147383,90.0000000000001,25,1.88807739379379,121,2.5,3.31414810698247,1.07840958135016
"13955-46",0.382359380464569,3.07425989616179,2.30441139729208,102.874999981212,102.500000000032,0.405465108108092,4.00702702780646,3.90376713644363,92,0.404191227761094,2.3016650123994,1.8745084245015,101.25,105.5,0.916290731874166,3.40061903687478,2.64054692021094,91,0.405465108107976,2.01320570361186,0.126089892677353,103.75,65,3.19620698206434,123,0.500000000000002,2.01486512285221,-0.0833816089394792
"13955-119",1.36318865891273,3.38169138307768,1.99349054927039,100.249999981445,95.0000000000311,1.60943791243401,3.40089122423615,2.664990409923,89.5,1.2514890881483,3.31326592407788,1.9119659870364,93.75,102.5,1.50407739677627,3.80608414498294,3.16888612646963,89,1.38629436111968,2.7063528841718,1.20841758758096,96.25,45,2.16251423949555,120,3,3.21883792717815,0.631271776841368
"13955-147",1.25782812222583,2.83416948591295,1.52483349784359,97.9999999813096,87.5000000000318,1.50407739677613,2.99542611612799,2.47009007092219,87,1.38502048077282,3.21795574427355,2.15260269579813,88.75,100.5,1.3862943611199,3.21829748008082,1.90775490830375,84,1.25276296849516,2.52403132737785,0.614642880834222,86.2500000000001,10,1.63245725380167,120.5,2,2.70801230341216,0.165514438477084
"13955-57",1.12483769970387,2.93577585744013,1.51949830078284,102.057610799732,93.9224508227897,1.3862949545971,2.73279646026907,1.98384744167787,90.9999987238696,0.642661115896321,2.25968141455497,0.888104938694597,92.6722755458445,106,1.17865499634166,3.48066174454831,2.54417610746292,89.5,0.916290731873966,2.30088777606364,0.641311127916383,95,20.9436159723452,1.57243924407542,122,3.5,3.4011594839721,1.08518926833554
"13955-47",1.36318862900389,3.41719946197637,2.26349794472358,96.4999999812045,87.5000000000319,1.70474809223834,3.62403477555036,2.82507582527007,84,1.5028035164292,3.80574240917567,2.58280741008205,87.5,99,1.70474809223844,3.68830110932656,3.3769160399738,85,0.916290731873966,2.52403132737785,0.810387457960317,87.5,40,2.45731377971619,118,2,3.11347741152032,1.22964055107408
"13955-132",1.64460111457306,3.84740416038277,2.35657883613292,98.2499999813359,90.0000000000317,1.70474809223831,3.86042355361459,3.29359906934537,84,1.87052829655452,4.00641310463782,2.4975428511287,84.9999999999999,102.5,1.70474809223843,3.62376258818899,3.17511667622027,85.5,1.50407739677606,4.15262453206998,1.90475233497793,95,50,2.25000169361866,121,4.5,3.55531016379936,0.955511445026946
"13955-12",1.06062546088957,3.26271493896409,2.03458474927876,99.7499999814146,105.000000000031,1.09861288214532,3.24362208403506,2.92912571042528,87,1.38502048077282,3.55442798089477,1.84349818775894,100,104.5,1.17865499634164,3.86015136625322,3.07044605365638,87,0.916290731873945,1.60774059550369,1.08126241209572,110,45,2.25000169361866,120.5,2,3.11347741152032,0.900161349943781
"13955-81",1.52445676996559,3.39072390345641,2.08263871055841,99.3749999811834,81.875000000032,1.70474809223846,3.74919791850437,3.37534971936407,88,1.79048558888098,3.80574240917567,2.55227068622197,81.25,103.5,1.60943791243411,3.80608414498294,2.58234868096795,87,1.60943791243391,2.99403495662359,0.674804044248734,82.5,30,1.97446200799261,119,2,2.5256907466182,0.494696241835691
"13955-35",1.29865013330654,3.00503177498615,1.70854965367641,100.624999981211,86.250000000032,1.25276296849527,3.55504190406341,2.74823312032721,90,1.38502048077282,3.62342085238172,1.45365839755386,83.7499999999999,103.5,1.44691898293634,3.74892573114299,2.84730250234217,87,1.3862943611197,2.01320570361186,0.37102079817647,88.7500000000001,10,1.68907614780118,122,3,2.5256907466182,0.553885113226007
"13955-121",0.644723614564661,2.60546006406946,1.32153702739782,99.4999999813554,93.1250000000317,0.693147180559823,2.99542611612799,2.54329347494548,87,1.38502048077282,3.31326592407788,1.61443161814161,97.5,103.5,0.810930216216324,3.112936964423,2.18805687345791,88,0.405465108107954,2.30088777606364,-0.397832758016114,88.75,5,0.804390755342351,119.5,0,2.01486512285221,-0.301105092784412
"13955-40",1.18585457632897,3.12402032437245,1.4332687944013,97.9999999812053,84.3750000000319,1.2527629684953,3.48093393190968,2.19498678067727,84,1.94463626870824,3.80574240917567,1.8033321460336,83.75,102.5,1.17865499634166,3.62376258818899,2.52848951129522,86,0.693147180559755,2.30088777606364,-0.640394395187427,85.0000000000001,15,1.31521637910835,119.5,1,2.70801230341215,0.058268908123549
"13955-96",1.04157724277105,2.6901323441429,1.44361013510324,97.3749999811718,93.1250000000318,0.693147774037158,2.73279646026907,2.28612831355081,84,1.5028035164292,3.40027730106751,1.28977054244874,92.5,100.5,1.09861228866812,3.31360765988515,2.50043155850006,85.5,1.09861228866794,1.60774059550369,NA,93.75,10,1.45207556182554,119.5,1.5,2.5256907466182,0.444685821260975
"13955-79",0.507522503744711,2.47164786646516,1.47303404354492,99.3749999811747,100.000000000032,0.405465108108207,2.86189472350346,2.00597623573252,87.5,1.09733840832104,3.40027730106751,2.62693221499098,95,100.5,0.693147180559956,2.70747185631483,1.71538301565629,88.5,0.693147180559754,1.6077405955037,0.502953787322075,105,5,1.41656887336863,121,0,2.30254719530399,-0.0408229845964282
"13955-10",1.41197877664111,3.68385353109736,2.34848008465422,100.749999981406,90.0000000000302,1.60943791243422,4.09403840479597,3.15688802380347,92,1.79048558888099,4.17346718930099,2.83119357858386,90,103.500000000002,1.50407739677667,4.00675484044614,3.21965845184355,87,1.38629436111968,3.39950006473175,1.0976608950691,90,29.9999999999983,2.44446563723847,120.5,1.5,2.99569437586394,0.832909122934614
"13955-67",1.37561112287123,2.97421525932042,1.61843811928684,98.4999999811746,83.7500000000319,1.50407739677629,2.99542611612799,2.31029762718826,87,1.94463626870824,4.09342448162745,1.81149545667277,80,101.5,1.32175583998233,3.40061903687478,2.58234868096795,86,1.25276296849518,1.6077405955037,0.364100355331897,87.5,15,1.77685175868357,119.5,1.5,2.70801230341215,0.760805829033303
"13955-125",0.742362108846263,2.52366237046015,1.47870057158458,99.7499999813872,96.2500000000316,-1.13020703906841e-13,2.7077440436762,2.05188593703659,89.5,1.38502048077282,3.21795574427355,1.70884130261268,100,102.5,0.810930216216325,3.48066174454831,2.58234868096795,88,0.693147180559734,2.52403132737785,0.564771050794049,92.5,3.5527136788005e-15,1.64211916471341,119,1.5,2.01486512285221,0.0198026272956899
"13955-87",1.21191236018036,3.57001656904542,2.27993548238214,102.43052340952,97.4632810426755,1.25276296849544,3.68857329668793,3.17789719989282,92.9999987238696,1.2514890881483,3.62342085238172,2.5865597597006,98.75,106.5,1.25276296849538,3.74892573114299,3.17718492928433,88.5847848922844,1.60943855890322,3.49706809164175,1.72490775947604,94.7903468729757,25,2.04115338249128,122,2.5,3.69758556332444,0.875469727430073
"13955-56",1.53503888977121,3.59458358350931,2.33398527943509,100.249999981195,92.5000000000319,1.25276296849535,3.86042355361459,2.77968225300971,90.5,2.0136291401952,4.09342448162745,3.05609511452897,92.5,104,1.44691898293634,3.68830110932656,2.83283046973364,87,1.60943791243391,3.2171785079378,1.85749945012739,92.5,40,2.60353033186803,119.5,3.5,2.98702616434347,0.875467747277727
"13955-5",1.45849883092412,3.65687313953854,2.56846483863755,99.8749999812133,90.6250000000319,1.60943791243401,4.00702702780646,3.44138030088715,89.5,1.60816403208703,4.00641310463782,2.61734405094132,86.25,102,1.60943791243411,3.9602348248102,3.49938819610434,87,1.25276296849518,3.39950006473175,2.02082450623068,95,35,2.56607276933313,121,3.5,2.99569437586394,1.11841491596386
"13955-52",1.1512828495378,3.07908115798895,1.50090734951597,99.9999999812007,95.6250000000319,0.693146587082732,3.31387984724652,1.7978204753838,87,1.60816403208703,3.21795574427355,2.0099463953966,92.5,104.5,1.3862943611199,3.40061903687478,2.65806050270364,88,1.3862943611197,3.11181799227997,1.0980695304121,98.75,15,0.98671231213631,120.5,0.500000000000002,2.70801230341215,0.364643113587484
"13955-142",0.382359367483514,2.35842489609181,1.02377212512588,100.499999981334,94.3750000000317,0.916290731874007,2.7077440436762,2.21696568739604,88.5,0.691873300212877,2.70713012050756,1.79510164689709,91.25,105,0.693147180559956,2.30200674820667,1.03815129040224,87,-2.09166017839379e-13,1.60774059550369,-0.382565285885326,97.5,20,0.735397883855399,121.5,0,1.60940001474405,-0.223143551314699
"13955-178",0.897502358275701,3.14501984231675,1.93029213356302,100.499999981239,97.5000000000318,0.693146587082732,3.21856966744219,2.38192728332751,88.5,1.2514890881483,3.9111029248335,2.99824766324703,97.4999999999999,104,1.17865499634166,3.21829748008082,2.02553794396013,89,0.916290731873915,2.52403132737785,1.51455469900056,97.5000000000001,30,2.22883688242662,120.5,1,2.5256907466182,0.0392207131528209
"13955-144",1.90841573209077,4.0482608236749,2.9340496136702,99.6249999813078,86.2500000000318,1.94591014905516,3.80635633234431,3.45879958535922,88,2.07816766133277,4.00641310463782,2.75821287517763,83.75,101.5,1.94591014905532,4.3814482898865,4.24857040525222,88,1.70474809223821,3.47954277240528,1.86353737255167,88.7500000000001,89.9999999999999,3.07307429666072,121,7,4.09430666453204,2.13060982825374
"13955-160",1.07550656721826,2.87083094318865,1.56306039540067,99.2499999812625,96.2500000000318,1.25276296849524,2.99542611612798,2.03898253220068,89,1.09733840832104,3.40027730106751,2.07372860435234,95,100.5,1.25276296849538,3.31360765988515,2.60822812895577,88,1.25276296849516,2.7063528841718,0.369422394697553,97.5000000000001,15,1.60289845156013,119.5,1.5,2.01486512285221,0.350656871612752
"13955-130",0.694734069757247,2.41164223010786,1.42687303536707,100.874999981369,96.2500000000316,0.693147180559867,2.52542248688225,2.23313854664164,88.5,1.09733840832104,2.70713012050756,1.94807099167852,96.25,103,0.559615787935425,2.86162253614209,1.97183376498827,89,0.693147180559735,2.30088777606364,0.949240889950495,96.25,3.5527136788005e-15,1.10860212974535,123,1.5,2.99569437586394,0.751416088683431
"13955-64",1.07550657417941,3.03268125931297,1.75757755829842,100.999999981187,96.8750000000319,0.405465108108185,3.40089122423615,2.32503990892546,89.5,1.5028035164292,3.55442798089477,1.76999572576601,91.2499999999999,102,1.25276296849538,3.62376258818899,2.83283046973364,90,0.916290731873965,2.30088777606364,1.37317282065702,102.5,10,1.57243924407542,122.5,3,2.86216298323941,0.841567185677763
"13955-115",1.37561110853249,3.25956824641568,1.77378855280483,98.3749999814451,74.3750000000315,1.50407739677619,3.48093393190969,3.00838308938879,86.5,2.0136291401952,3.55442798089477,2.00325740724581,70,100.5,1.44691898293632,3.80608414498294,2.72194777015489,87,1.0986122886679,3.11181799227997,0.954968686771426,78.75,25,1.04077953340658,119.5,1,2.30254719530399,0.198850858744674
"13955-15",1.07931761041531,3.4655594014436,2.049170502135,102.37499998132,100.000000000032,1.09861288214532,3.58009432065627,2.7947776578942,93,0.915016851527087,3.21795574427355,2.35093937693682,98.75,106,1.3862943611199,3.62376258818899,2.99155211118672,88.5,1.25276296849516,3.11181799227997,0.90841889543024,101.25,55,2.18511407141279,122,2,3.21883792717815,0.662687973074786
"13955-154",0.852363047724619,3.09013206518634,1.77928111005643,99.7499999813012,100.625000000032,0.693147180559805,3.55504190406341,2.72887767737425,89.5,0.915016851527087,2.99481219295934,2.38838283111685,100,102,0.916290731874164,2.86162253614209,2.14259449938115,88,0.405465108107968,2.86050356399906,1.09766089506877,101.25,15,1.70725846688437,119.5,3.5,3.48120219164564,0.662687973074829
"13955-153",1.1858546103472,3.06070289487129,1.57331180384425,99.1249999813022,90.0000000000317,1.25276296849523,2.86189472350346,2.36332209549648,86.5,1.50280351642921,3.40027730106751,1.73550954969484,88.75,101.5,1.32175583998233,3.62376258818899,2.57859633134939,88,1.25276296849517,2.30088777606364,-0.117872731658243,91.2500000000001,20,1.6128487824133,120.5,1.5,3.11347741152032,0.576613364303587
"13955-108",1.81744394665515,3.94245417009098,2.69054861808251,95.99999998148,84.4500000000314,1.94591014905519,4.09403840479609,3.82965916428991,81,1.94463626870824,4.09342448162746,2.86577915823364,83.9,99,1.87180217690159,4.05120660301593,3.50237773495271,85,1.60943791243389,3.47954277240528,1.25507327922176,85,69.9999999999999,2.75030090439767,119,6,3.68884155642388,1.66013102674913
"13955-75",0.61874814295126,2.99338320439025,1.325642497618,96.6249999811752,90.000000000032,0.916290731874208,3.48093393190969,2.53541941851458,83.5,0.915016851527087,3.21795574427355,2.10112757854045,90,99.5,0.916290731874166,3.21829748008082,1.74003215093095,84,0.693147180559754,2.70635288417181,-0.834550409628384,90,20,0.868929276479927,119.5,0,2.30254719530399,0.165514438477116
"13955-230",1.37561118024413,3.57609700902814,2.48038837388445,100.749999981223,91.8750000000319,1.09861228866807,4.0514787903773,3.0910748052339,87,1.5028035164292,3.44410106010076,3.31807910528299,97.4999999999999,104,1.44691898293634,3.86015136625322,3.13282707665393,89.5,1.60943791243391,3.11181799227997,1.99304494212361,86.2500000000001,45,2.16251423949555,122.5,3.5,3.11347741152032,1.35583515363475
"13955-128",1.06113178764806,3.20798828617719,1.08059953684113,94.4018818156327,86.8750000000317,0.693146587082732,2.68330394193529,0.195439434971601,81,1.2514890881483,3.68795937351929,1.98291772300868,85,95.1620967655269,1.32175583998232,3.21829748008082,1.56981100107108,82,1.25276296849516,2.7063528841718,0.56357840913851,88.75,50.9436159723452,1.61856519653593,118.5,1.5,2.86216298323941,0.113328685306513
"13955-197",1.44754869851462,3.56797631900014,1.9649995299249,99.457341606222,94.3750000000319,1.38629376764268,3.98258692606555,2.67391519442931,87,2.0136291401952,4.09342448162745,2.34164535326516,93.7499999999999,102.162096765527,1.3862943611199,3.55476971670204,2.5972188434474,86.9999999999999,0.916290731873915,2.7063528841718,1.71934911164657,95.0000000000001,35,1.87292558877319,121.5,3.5,3.48120219164564,1.01523067972855
"13955-6",0.828509503702043,2.92356289411867,1.32359402780964,100.429611710927,90.0000000000319,0.693146587082732,2.97098601438707,1.69093308805649,88.5,1.09733840832104,3.21795574427355,1.81959266690538,86.25,102.162096765527,0.916290731874166,3.40061903687478,2.20458617540912,88,0.916290731873966,2.52403132737785,0.865859281011443,93.75,15,1.28818770672043,122.5,1.5,2.70801230341215,0.262364264467065
"13955-166",1.79132030918014,3.95270621793137,2.43507398613104,97.874999981247,89.3750000000318,1.9459095555781,4.22374898288245,3.07290778803186,86.5,1.94463626870824,4.17346718930099,3.30740954280988,91.2499999999999,101,1.60943791243411,4.09376621743472,3.22951074828607,84,1.79175946922782,3.74780675899997,2.12481421975473,87.5000000000001,45,1.87292558877319,120,6,3.68884155642388,0.74193734472892
"13955-93",1.50968047378392,3.34218516771475,1.89560164073228,99.8749999811719,92.5000000000319,1.60943731895689,3.7819162306034,2.62770235127419,87,1.94463626870824,3.9111029248335,1.94019721172781,90,104,1.44691898293633,3.748925731143,2.70221028731657,88,1.60943791243393,2.86050356399906,1.4810617826682,95,35,2.02816618696447,120.5,2,1.61814402164461,0.246861068007699
"13955-173",0.556575763474865,2.61283899209177,1.06912121751676,99.124999981241,90.0000000000318,0.693146587082732,3.7819162306034,2.39266401230782,86.5,1.2514890881483,3.40027730106751,1.84349818775894,88.7499999999999,103,0.405465108108175,2.52515029952088,1.16948729246333,86,0.693147180559703,2.30088777606364,-0.0785042997257252,91.2500000000001,5.00000000000001,0.711300332276341,121,0,1.60940001474405,-0.0833816089395092
"13955-68",0.77971933943035,3.1407523012606,1.73002432882576,100.124090357145,98.7500000000319,0.693146587082732,3.5306018023225,2.20520105601345,91,1.09733840832104,3.48032000874105,2.31251708034213,98.75,101.162096765527,0.916290731874166,3.31360765988515,1.98689222886247,87,0.693147180559755,2.01320570361186,-0.834550409628385,98.75,45,2.48252519906269,120.5,1.5,2.5256907466182,0.66268797307478
"13955-131",1.56817665054249,3.98553273627437,2.86992002647618,100.37499998135,91.8750000000316,1.60943731895689,4.22374898288245,3.72405984755521,90,2.1387922831492,4.28266648126598,3.33439675235482,90,103.5,1.6094379124341,3.80608414498294,3.40032848059854,87,1.50407739677606,3.74780675899996,1.73769825031476,93.75,84.9999999999999,3.20832834259669,121,1.5,3.4011594839721,1.61740608208279
"13955-25",1.21797429967251,2.73158234276236,1.37998632234642,99.1249999812148,96.2500000000319,1.38629376764268,3.37645112249524,1.74136394168338,87,0.915016851527086,3.21795574427355,2.0597423623776,96.2499999999999,102,1.3862943611199,2.86162253614209,1.74003215093095,87,1.60943791243391,2.30088777606364,1.01105815342247,96.2500000000001,10,1.60289845156013,120.5,2,2.30254719530399,0.553885113226008
"13955-148",1.00286286290017,2.84414274993844,1.2775216072913,96.8749999813146,86.8750000000318,0.693146587082733,2.68330394193529,1.41467971142833,83.5,1.60816403208703,3.85980963044595,1.69979146709276,88.75,100.5,1.09861228866812,3.62376258818899,2.35639218827712,83,0.693147180559735,2.52403132737785,0.810387457960318,85.0000000000001,5.00000000000001,1.02307995630718,120.5,1.5,2.29387898378352,0.470002639169563
"13955-141",1.50968049634781,3.65033209102659,2.32088617780446,99.7499999813402,96.2500000000317,1.38629376764268,3.66413319494702,2.73643555141065,88.5,1.79048558888099,4.05086486720866,2.25158452934698,90,102,1.55814461804656,3.86015136625322,2.91935581998223,87.5,1.50407739677606,3.39950006473175,2.10967044209058,102.5,50,2.86702517870581,121,3.5,2.99569437586394,1.05779029414736
"13955-16",1.13389118022935,3.1012287152184,1.66876885713689,100.62499998127,91.2500000000318,1.0986116951909,3.5306018023225,2.49802452796565,89.5,0.915016851527087,2.99481219295935,1.97604484372092,91.25,105.5,1.32175583998233,3.48066174454831,2.25259539459548,88,1.38629436111968,3.21717850793779,1.8412389292556,91.2500000000001,10,1.35443709226163,119.5,2.5,2.99569437586394,0.609765571620477
"13955-170",1.3949049369535,2.83456807316684,1.80095829555179,97.3749999812485,87.5000000000318,1.0986116951909,2.68330394193529,2.14134958402692,82.5,1.94463626870824,3.80574240917567,1.71780997259544,83.7499999999999,101.5,1.50407739677628,3.68830110932656,2.89773335596906,86,1.25276296849513,2.7063528841718,1.46963308684458,91.2500000000001,5.00000000000001,2.05397407092034,119.5,2,2.01486512285221,0.277631736597822
"13955-21",0.646187937413981,2.34869455703248,1.06591047170709,97.4999999812329,94.3750000000319,0.693146587082732,2.97098601438707,1.67354134534462,85,0.915016851527086,2.86128080033482,1.46521921995493,93.7499999999999,102.5,1.01160091167849,3.21829748008082,1.74869021367406,83.5,0.693147180559756,2.01320570361186,0.29531442254383,95.0000000000001,1.06581410364015e-14,1.23183477016929,119,0.500000000000001,2.01486512285221,0.262364264467064
"13955-51",1.28049463932909,3.34187526989264,2.13531628951067,101.874999981206,96.2500000000319,1.0986116951909,3.37645112249524,2.9917822432195,91,1.38502048077282,3.31326592407788,2.04916710854988,96.25,106.5,1.50407739677629,3.74892573114299,3.2314696127714,87,1.25276296849518,2.99403495662359,0.992709014754272,96.25,55,2.3683662936997,123,3,2.5256907466182,0.908258560176465
"13955-31",1.44754871178062,3.3003697782835,2.16279375890687,95.8749999812142,88.750000000032,1.60943731895689,3.66413319494702,2.60030337708607,82,1.79048558888099,4.13424647614771,2.84048760225553,88.7499999999999,100.5,1.50407739677629,3.86015136625322,3.11099214805073,83,1.3862943611197,2.7063528841718,0.915747973618144,88.7500000000001,20,2.42707389452647,118,2.5,2.30254719530399,0.683096844706012
"13955-198",1.02266548048694,2.92760122797784,1.31727650210326,99.6249999812192,91.2500000000319,1.0986116951909,3.37645112249524,1.93455517071424,89,1.70347421189136,3.62342085238172,1.8745084245015,91.2499999999999,103.5,1.01160091167849,2.99515392876661,2.24737345061432,86.9999999999999,0.916290731873916,2.30088777606364,0.404922349852152,91.2500000000001,15,1.00506145080451,119,0.500000000000002,2.5256907466182,0.364643113587401
"13955-192",1.12438456945701,3.02116232492201,1.89594479110453,101.46758288805,NA,0.693146587082732,2.97098601438707,1.82014481953649,NA,NA,NA,NA,NA,104.5,1.3862943611199,3.68830110932656,3.01612337191722,NA,NA,NA,NA,NA,15,2.23417022840198,NA,NA,2.71675631031271,0.148420995194446
"13955-83",1.02266547455529,3.04478512842695,1.47345757784263,97.8749999811835,83.7500000000319,0.693146587082732,3.37645112249524,2.69308511053704,85.5,1.60816403208703,3.48032000874105,1.49912077163061,81.25,101,1.17865499634166,3.31360765988515,2.26809958113144,86,1.09861228866792,2.52403132737785,0.215271714870293,86.25,15,1.40444751283629,119,0.500000000000001,2.86216298323941,0.364643113587493
"13955-34",1.31092726437013,3.03881672465986,1.65996943492127,101.962754272784,NA,1.0986116951909,3.37645112249524,2.54314496324612,NA,NA,NA,NA,NA,105.5,1.25276296849538,3.48066174454831,2.39777740443998,NA,NA,NA,NA,NA,15,1.67055710003394,122.5,3.5,NA,NA
"13955-100",0.617200378087422,2.45600378830356,1.30667666700511,99.1249999814061,97.5000000000307,-5.93477211818794e-07,2.68330394193529,1.31936953162401,87.5,1.2514890881483,2.99481219295935,1.96215573156025,98.75,102.5,0.916290731874151,3.40061903687478,2.43317933149089,87.5,0.405465108107954,2.01320570361186,0.0127474507588197,96.25,0,1.24622350762139,119,0.500000000000003,2.5256907466182,-0.0833816089395412
"13955-124",0.919481255131092,2.30814778513227,0.800624292078306,96.6249999813632,90.6750000000316,0.693146587082732,1.58469165326718,0.926326943514399,82.5,1.50280351642921,3.21795574427355,1.48794747103249,88.85,100.5,0.916290731874151,2.86162253614209,1.54897691416824,83,0.916290731873945,2.52403132737785,-0.128376129765895,92.5,3.5527136788005e-15,0.968020179124156,120.5,1,2.30254719530399,-0.105360515658317
"13955-200",0.873591342780454,3.14653032873714,1.85059379052603,100.213734457644,92.5025974201208,0.693146587082732,3.5306018023225,2.17378485978007,90.0000004253768,0.996512744529779,3.61534357517496,2.23041971815493,94.1092414847185,105,1.17865499634166,3.68830110932656,2.71212772397392,86.4152151077155,0.847297644897311,2.92661901412255,1.9275670127441,90.9032177090082,10,1.40444751283629,119.75,1.75,2.70511454289404,0.572860684659617
"13955-105",1.47286652413754,3.3774315530745,2.45722966112513,100.374999981521,88.1250000000315,1.38629376764268,3.5306018023225,3.01038743105053,88,1.79048558888099,4.00641310463783,3.02517707512566,88.75,105,1.50407739677627,3.91144466064077,3.40855897973506,86,1.38629436111968,2.52403132737785,1.62869778147427,87.5,45,2.42707389452647,122.5,3.5,2.30254719530399,1.11185751541764
"13955-174",0.962040899683195,2.93036743555343,1.76399924387854,98.7499999812412,95.6250000000317,0.693146587082732,2.68330394193529,1.97429549936375,84,1.09733840832104,3.74858399533573,2.39218233547087,96.2499999999999,104,1.25276296849538,3.48066174454831,2.72844129946544,86,0.916290731873914,1.60774059550369,-0.106311909257169,95.0000000000001,15,2.04758427282157,121,2,2.99569437586394,0.587786664901659
"13955-110",1.24972296866154,3.2754738914366,1.5294468737375,97.249999981537,94.3750000000312,1.0986116951909,3.19412956570128,1.8048773474057,85.5,1.60816403208703,4.00641310463783,2.1173049137171,96.25,101,0.916290731874148,3.40061903687478,2.21003578017668,84,1.50407739677606,3.68718213718353,0.949240889950495,92.5,10,1.67055710003394,118.5,2.5,2.86216298323941,0.6523251860392
"13955-32",1.04208358575454,2.61432752686194,1.07120745021563,100.499999981222,95.000000000032,1.0986116951909,1.58469165326718,0.849365902378271,90,1.5028035164292,3.68795937351929,1.5319105944536,91.2499999999999,104.5,1.09861228866812,3.21829748008082,2.08885022337446,86,1.09861228866792,2.52403132737785,0.674804044248734,98.75,5.00000000000001,1.12486265061713,121.5,1,2.30254719530399,0.113328685306571
"13955-JAMESTOWN",1.04129268665243,2.57886731465346,0.545735602070873,92.2108056791915,82.5000000000318,NA,NA,NA,80.1,1.61378459955495,3.36637574939183,0.888081388506883,80.25,NA,NA,NA,NA,82.2,0.955511445027259,1.87010485997119,-0.39358534636562,84.75,NA,NA,111.3,0.9,2.01486512285221,-0.452556715642489
"13955-NCAG11",1.68076344921767,3.77139945054005,2.1730242698939,100.677472345858,98.5000000000318,NA,NA,NA,90.9,1.83927575305042,4.21120751728384,2.54686688832868,96.25,NA,NA,NA,NA,88.2,1.60943791243397,3.44829022890118,1.71190411525108,100.75,NA,NA,119.9,4.6,3.19863521986063,0.551583616237729
"13955-AGS-2026",1.80225802427064,3.83927781751219,2.09582364014279,93.7476266796289,83.481802014251,NA,NA,NA,82.6,2.03994644851257,4.24757516145471,2.51112564211079,82.5,NA,NA,NA,NA,NA,NA,NA,NA,NA,NA,NA,114.3,4.2,3.38435236565572,0.817133160340467
"13955-73",1.27391628832263,3.83064312130462,2.2514716461076,97.3749999811714,103.750000000032,NA,NA,NA,85,1.5028035164292,4.00641310463782,2.54838718619557,100,101,1.3862943611199,3.74892573114299,3.15419541105963,85,1.25276296849518,3.47954277240529,NA,107.5,89.0563840276548,2.35431454024405,118.5,2.5,3.31414810698247,0.963174317772548
"13955-1",1.3567912236327,3.51588567192328,2.17630026673885,98.5108056785553,86.8750000003087,NA,NA,NA,87.0000000000009,1.38502048077099,3.91110292483202,2.73870490794573,87.5000000000024,NA,NA,NA,NA,85.4999999999996,1.50407739677616,2.93745230370864,NA,86.2500000000014,NA,NA,120.000000000001,3.00000000000008,3.21883792717671,0.553885113226204
"13955-8",1.05451038102446,3.347707679339,2.08157964445365,97.6774723458581,91.250000000032,NA,NA,NA,83.5,0.691873300212876,3.55442798089477,2.34035726760629,92.5,NA,NA,NA,NA,87,1.25276296849518,2.70635288417181,1.22687262654877,90,NA,NA,119.5,3,3.31414810698247,1.06471073699201
"13955-9",1.80481595512129,4.0118028901649,2.66916157703314,99.5108056791914,85.0000000000319,NA,NA,NA,87,1.94463626870824,4.09342448162745,2.77379622775686,86.25,NA,NA,NA,NA,87,1.79175946922792,3.80496517283991,2.24122457159914,83.75,NA,NA,121.5,5,3.68884155642388,1.44926916028086
"13955-17",1.21702926426032,3.64265747629849,2.36887366989366,100.344139012525,98.7500000000318,NA,NA,NA,91.5,1.38502048077282,3.80574240917567,2.75990711559619,97.4999999999999,NA,NA,NA,NA,85,1.25276296849513,3.55365074455901,1.93505768447326,100,NA,NA,121.5,2.5,3.11347741152032,0.693147180559488
"13955-133",1.39935078683506,3.65315809313468,2.28869418562874,98.0108056791914,91.8750000000316,NA,NA,NA,85,1.70347421189136,3.9111029248335,2.57618597844781,89.9999999999999,NA,NA,NA,NA,86,1.50407739677606,3.47954277240528,1.41924451919623,93.75,NA,NA,120,2,3.11347741152032,1.24126858906914
"13955-183",NA,NA,NA,98.0124612808572,NA,NA,NA,NA,NA,NA,NA,NA,NA,NA,NA,NA,NA,85.5847848922844,NA,NA,NA,NA,NA,NA,NA,NA,NA,NA
"13955-208",1.39935089421962,3.80045690722128,2.28555549927814,101.010805679191,96.8750000000318,NA,NA,NA,90,1.09733840832104,3.68795937351929,2.17908912001017,96.2499999999999,NA,NA,NA,NA,89,1.50407739677608,3.97030297527603,2.06109840536862,97.5000000000001,NA,NA,121,4.5,3.31414810698247,1.09192330051688
