"GENOTYPE","FHB_ME","FDK_ME","DON_ME","HD_ME","PH_ME","FHB_KIN19","FDK_KIN19","DON_KIN19","HD_KIN20","FHB_KIN20","FDK_KIN20","DON_KIN20","PH_KIN20","HD_RAL19","FHB_RAL19","FDK_RAL19","DON_RAL19","HD_RAL20","FHB_RAL20","FDK_RAL20","DON_RAL20","PH_RAL20","FDK_WAR19","DON_WAR19","HD_WAR20","FHB_WAR20","FDK_WAR20","DON_WAR20"
"13955-138",1.42157319464785,3.44997905994734,2.16090327122179,98.8749999467938,85.0000000000005,1.60943731895689,3.21856966744219,2.39110165960353,87,1.87052829655455,4.1342464761474,2.55227068622199,83.75,101.5,1.60943791243411,3.86015136625314,3.59088053652881,86.9999999999999,1.38629436111968,3.31248868774196,1.02907665892515,86.2500000000001,50,2.3010331736311,120,1,2.01486512285221,0.506817602367961
"13955-191",1.07982396062867,3.12317791860361,2.056962361917,101.874999946478,98.7500000000006,1.0986116951909,2.30227893556804,1.87722725298819,91.5,1.09733840832107,3.55442798089446,2.43303310485461,99.9999999999999,103.5,1.25276296849538,3.62376258818891,3.36841981214451,90.4999999999999,0.916290731873915,2.52403132737769,1.58051266679235,97.5000000000001,20,1.64337011779277,122,3,3.55531016379936,1.4060969884156
"13955-14",1.02266552209448,3.30180585644933,1.70657709539343,98.4999999467352,82.5000000000005,1.0986116951909,3.21856966744219,1.83034366708934,86.5,1.38502048077285,3.68795937351898,2.57904092728659,81.25,100.5,1.01160091167849,3.62376258818891,2.57104912571381,86.9999999999999,0.916290731873946,3.21717850793764,1.39392671121194,83.7500000000001,15,1.20242088496299,120,2,3.31414810698247,0.858661619037028
"13955-3",0.932405729315364,2.89470186424716,1.68864820321149,97.4999999464113,90.0000000000006,0.916290731874072,2.52542248688224,1.83034366708933,86.5,1.09733840832107,3.21795574427324,2.45889661544453,88.7499999999999,100.5,1.09861228866812,3.11293696442292,2.32781881583286,83.4999999999999,0.916290731873966,2.99403495662343,1.80774601292326,91.25,10,1.24622350762138,119.5,2,3.11347741152032,0.431782416425107
"13955-123",1.21797428502501,2.83327032374116,1.57782023931576,98.8749999468222,85.0000000000005,1.38629376764268,2.52542248688225,1.64642082892841,85.5,1.50280351642923,3.21795574427324,2.22505777501357,83.7499999999999,102,1.09861228866811,3.68830110932648,2.89225389020423,86.9999999999999,1.25276296849516,2.0132057036117,0.692604422303935,86.2500000000001,15,1.23183477016928,121,2.5,2.70801230341215,0.392042087775533
"13955-188",0.893185000934444,3.18231257938538,1.67635054547516,100.499999946483,102.500000000001,0.40546510810801,3.21856966744219,2.24377694484668,88,1.38502048077285,3.62342085238141,2.09917752912457,103.75,104.5,0.916290731874167,3.21829748008074,2.3181100017059,87.9999999999999,1.09861228866787,2.70635288417165,0.169200016331085,101.25,60,2.42267828305342,121.5,1.5,2.01486512285221,0.0392207131528174
"13955-GA06493-13LE6",1.9200303618518,4.3478127012443,3.53218499457643,101.332718829446,92.8750000000006,1.83827956964523,4.38526119663952,4.65270647988958,90.5,2.00020611986308,4.42989671824835,3.65390823431452,91.5,106.918951617237,1.88706962980687,4.35005036420939,4.50769516522872,87.9999999999999,2.04122032885947,4.21043028094792,2.5078265429451,94.25,97.811276805531,3.73583263257897,120.7,6.2,4.1351286590523,2.07944154167937
"13955-36",1.50295061712608,3.89215421929742,2.63704403665652,100.874999946407,94.3750000000006,1.70474809223833,4.17408111246962,3.466618233477,90,1.25148908814832,3.68795937351898,2.62332860748771,89.9999999999999,105,1.70474809223844,4.38144828988642,3.72492409305697,86.9999999999999,1.50407739677608,3.21717850793764,0.369422394697553,98.75,65,2.91930668521584,121.5,4,3.68884155642388,1.6014057407364
"13955-171",1.28522713813785,3.36518846140143,1.79176893770541,101.374999946512,91.8750000000006,1.25276296849515,3.31387984724652,2.78277344557936,90,1.09733840832107,3.62342085238141,1.65327145145789,89.9999999999999,105,1.3862943611199,3.68830110932648,2.44613847613319,88.4999999999999,1.38629436111965,2.99403495662343,1.14685969458153,93.7500000000001,20,1.76841289003769,122,4,3.55531016379936,1.16315080980522
"13955-94",1.83319230163421,3.97545885397058,2.57709399741926,98.2499999463248,83.7500000000006,1.94591014905539,3.86042355361458,2.74182284196627,86.5,2.07816766133279,4.44173117589535,2.751883740126,83.75,100,1.79175946922806,4.31690976874885,3.76013899934803,86.4999999999999,1.5040773967761,3.47954277240513,1.36795122480868,83.75,40,2.79984664094909,120,6.5,4.05174705011325,1.86872051036371
"13955-107",1.02421324971639,3.10696393439676,1.79391026372305,96.374999946848,97.5000000000006,1.38629436111977,3.21856966744219,2.18381348007912,84,1.25148908814833,3.40027730106719,2.00325740724583,92.4999999999999,100,1.32175583998231,3.55476971670195,2.44613847613319,82.9999999999999,0.916290731873945,2.30088777606348,1.46803468336566,102.5,50,2.28093199431001,118.5,0.500000000000002,2.01486512285221,0.797507195883698
"13955-181",1.29553247284378,3.53807257934392,2.66995163792596,98.4999999464727,85.6250000000006,1.60943731895689,4.00702702780646,3.58682132217275,85.5,1.70347421189138,3.85980963044564,3.0179043157966,83.7499999999999,102.5,1.55814461804656,3.91144466064069,3.6958311321153,85.9999999999999,1.38629436111965,2.99403495662343,1.87349979147383,87.5000000000001,35,2.58871524608288,120,-4.44089209850063e-16,2.86216298323941,0.824175442965887
"13955-69",1.20066969459439,3.09679473159128,1.78836804880177,98.2499999463338,89.3750000000006,1.38629436111994,3.5550419040634,2.62604743597437,86.5,1.50280351642923,3.95989308900262,2.5405746464588,87.5,100,1.3862943611199,3.31360765988507,1.78259176534954,85.9999999999999,1.09861228866792,2.30088777606349,0.709953060638547,91.25,20,2.10971605392857,120.5,1.5,2.30254719530399,0.850150929369153
"13955-146",0.872982262783514,2.73436070715362,1.1025821174108,97.8749999466195,96.2500000000006,1.09861228866797,2.30227893556804,1.46793804844162,87,1.50280351642923,3.62342085238141,1.74424322966362,95,98.9999999999999,1.01160091167849,3.4006190368747,1.99904632851295,85.9999999999999,0.693147180559735,2.30088777606348,1.16435226956744,97.5000000000001,10,0.847875867282079,119.5,-4.44089209850063e-16,2.30254719530399,-0.478035800943491
"13955-26",1.36318865685819,3.4416356626182,1.89666297698319,98.8749999464229,85.6250000000006,1.60943791243404,3.5550419040634,2.13192864471011,87,1.38502048077285,3.68795937351898,2.84285551833173,83.7499999999999,100.5,1.25276296849538,3.68830110932648,2.61187112023407,86.4999999999999,1.50407739677608,3.31248868774196,1.60889515417809,87.5,20,1.36717611803904,121.5,3,3.4011594839721,0.76080582903333
"13955-180",1.3631886164311,3.41330074712495,1.86350097576101,96.2499999464496,91.8750000000006,1.70474809223831,3.5550419040634,2.32014992363125,84.5,1.70347421189138,4.17346718930068,2.60878289648533,88.7499999999999,99,1.3862943611199,3.74892573114291,2.43317933149069,82.9999999999999,1.25276296849513,2.52403132737769,0.295314422543831,95.0000000000001,45,2.4004056474443,118.5,1.5,2.5256907466182,0.182321556793492
"13955-72",1.31189535989458,3.50574408623357,1.94714625050256,100.62499994633,90.6250000000006,1.38629436111994,3.74919791850436,2.74182284196627,93,1.09733840832107,3.55442798089445,1.83559300825185,87.5,102,1.70474809223844,3.80608414498286,3.08866979261263,86.9999999999999,1.3862943611197,3.11181799227981,0.502953787322075,93.75,45,2.05397407092033,120.5,2.5,2.99569437586393,0.900161349943814
"13955-129",1.00651367763533,3.09690952954407,2.08637221541835,101.749999946864,85.6250000000005,0.810930216216254,3.74919791850436,3.31012837129656,90,1.50280351642923,3.4002773010672,2.92623712727078,83.7499999999999,106.5,1.32175583998232,3.55476971670195,2.42882202612173,89.4999999999999,0.693147180559735,2.0132057036117,0.620736822978459,87.5,20,1.79351881116876,121,1.5,2.70801230341215,0.378436435719756
"13955-54",1.55587300447504,3.79092240885883,2.71069272049164,101.999999946385,89.3750000000006,1.70474809223839,3.86042355361458,3.85321485728078,91.5,1.50280351642923,3.80574240917536,3.16892183379183,88.75,106.5,1.65822807660354,3.91144466064069,3.26608845442579,87.9999999999999,1.70474809223823,3.68718213718338,2.19627318373688,90,70,2.62534937926266,122,3.5,3.21883792717814,0.858661619037092
"13955-196",0.893185013489217,2.97957460734563,1.572399055204,102.374999946455,98.7500000000006,1.09861228866801,3.31387984724652,2.36800594480889,91,1.25148908814832,2.99481219295903,2.41095715315541,99.9999999999999,105.5,0.405465108108175,3.11293696442292,1.60823837820476,90.4999999999999,0.916290731873916,2.30088777606348,0.121674874468238,97.5000000000001,35,2.07913263055648,122.5,2,2.5256907466182,0.165514438477066
"13955-97",1.71736046203082,4.03490922101605,2.80500778057814,98.7499999463332,88.1250000000006,2.01490302054232,4.49950351290425,4.02311389407617,87,1.70347421189138,4.21120751728352,2.59285303093305,87.5,102.5,1.94591014905532,4.21154925309102,3.83243283725308,86.4999999999999,1.60943791243393,3.6226436160458,1.85575523210962,88.75,70,2.79682092003255,119,3.5,3.4011594839721,1.18784342239558
"13955-157",0.932405739010498,3.08490367197038,1.52077539530712,101.624999946596,88.1250000000006,0.693147180559803,3.31387984724651,2.57037443354813,91,1.09733840832107,3.21795574427324,1.35601992798996,87.5,103,0.916290731874165,3.4006190368747,2.3181100017059,88.9999999999999,1.0986122886679,2.0132057036117,0.469460870989726,88.7500000000001,25,1.74266039393527,123.5,2.5,3.21883792717814,0.431782416425121
"13955-33",1.32496746190305,3.57197211994843,2.24611928998405,101.499999946432,88.7500000000006,1.25276296849526,3.62403477555035,2.87696066063907,91,1.25148908814832,3.55442798089446,2.62693221499101,88.7499999999999,104,1.44691898293634,3.86015136625314,3.13713742815485,89.9999999999999,1.3862943611197,3.31248868774197,-0.202772175444731,88.75,40,2.44876671913772,121,4,3.4011594839721,1.41098697370983
"13955-88",1.60613486884458,4.01929007750924,2.59404240662453,101.749999946346,93.7500000000006,1.50407739677635,3.80635633234431,3.29544920863351,89.5,1.70347421189138,4.2475751614544,2.77379622775688,90,105.5,1.50407739677628,4.2479168972619,3.9128056324028,88.9999999999999,1.60943791243397,3.55365074455885,1.58051266679235,97.5,70,2.4004056474443,123,6,4.00729528754241,1.1817271953782
"13955-161",1.53503892145254,3.82570889329034,2.84354552459082,102.499999946527,87.5000000000006,1.7047480922383,4.17408111246963,4.24697147612404,90,1.70347421189138,3.74858399533541,2.37177346383969,82.5,108.5,1.44691898293634,4.1345882119549,3.53323984633516,89.4999999999999,1.38629436111968,3.68718213718338,2.5872212769717,92.5000000000001,45,2.41382866777644,122,4.5,3.4011594839721,1.40609698841565
"13955-92",0.694734071259167,2.95357908929259,1.92485183620768,100.249999946329,88.1250000000006,1.09861228866823,3.62403477555035,2.87976571156667,88.5,0.915016851527113,3.31326592407756,2.63052288312173,88.75,105,0.810930216216337,3.31360765988507,2.50043155849986,86.9999999999999,-1.69420033557799e-13,2.30088777606348,0.741394586473366,87.5,20,1.93220219870272,120.5,1.5,2.01486512285221,0.392042087775593
"13955-176",0.951453914284391,3.01015966094565,1.62719834450265,100.249999946484,102.500000000001,1.09861228866796,3.11320915178436,2.21151608262846,89.5,1.09733840832107,3.80574240917536,1.96215573156028,105,102,1.32175583998233,3.48066174454823,2.53243428958603,87.9999999999999,0.693147180559704,1.60774059550354,-0.601928114359629,100,30,2.1510198600698,121.5,1.5,2.30254719530399,-0.0618754037185479
"13955-7",1.17081676087948,3.09442151975833,1.90097769979631,101.499999946339,93.7500000000006,1.38629436111994,3.74919791850436,2.9732917695775,89.5,1.09733840832107,3.31326592407757,1.84349818775896,92.5,104.5,1.3862943611199,3.40061903687469,2.71868512451987,89.4999999999999,1.09861228866792,2.52403132737769,0.903675392383875,95,20,2.17387799814585,122.5,2.5,2.5256907466182,0.364643113587453
"13955-103",1.15554927976805,3.10443773685097,1.79919367247375,100.749999946848,95.6250000000005,1.09861228866798,3.21856966744219,2.64038459912078,89.5,1.38502048077285,3.6234208523814,2.47158177497184,96.2499999999999,104.5,1.32175583998232,3.31360765988507,2.4504211379252,87.4999999999999,1.0986122886679,2.70635288417164,0.460041649073234,95.0000000000001,25,1.81800983117706,121.5,2.5,2.5256907466182,0.631271776841368
"13955-112",1.33787082530819,3.50514414948358,1.83606169552967,98.3749999470517,91.2500000000006,1.50407739677619,4.09403840479609,2.96560927340548,87.5,1.79048558888101,3.74858399533541,1.96215573156028,93.7499999999999,100.5,1.25276296849536,3.11293696442292,1.9367424451768,85.4999999999999,0.916290731873945,2.99403495662343,1.19610096788202,88.7500000000001,35,2.21266402318101,120,3,3.48120219164563,0.78845736036378
"13955-24",1.20066972723627,3.35453373149012,1.86067009957439,100.874999946431,93.7500000000006,1.25276296849532,3.48093393190968,2.42697994726844,90,1.25148908814832,3.55442798089445,2.2671692603637,89.9999999999999,104,1.3862943611199,3.55476971670195,2.85303317705095,88.4999999999999,1.09861228866792,2.99403495662343,1.13156244674445,97.5,35,1.94648815595019,121,3,2.99569437586393,0.378436435719817
"13955-2",0.828003158671094,2.65724138856597,1.2225007775232,98.6249999464293,90.0000000000006,1.09861288214532,3.24362208403506,2.171058983766,87,0.915016851527112,3.11259522861542,1.31679921483668,91.2499999999999,101.5,0.916290731874166,2.70747185631475,1.9579446528274,86.9999999999999,1.38629436111965,2.0132057036117,0.475691420740361,88.7500000000001,10,1.37975490024591,119,-4.44089209850063e-16,2.5256907466182,0.231111720962878
"13955-203",1.04695977997693,3.32238245158999,1.6131635395142,98.4379243354612,86.2577922602677,0.916290731874083,2.30227893556804,1.61715044662829,87.0000012761305,1.25148908814832,3.95492668386643,2.11955590572464,84.8277244541554,99,1.17865499634166,3.55476971670195,2.67867978990618,87.4152151077153,1.09861164219899,3.45947735150988,1.09766089506877,87.7096531270243,25,1.67055710003393,121.970183693693,2.96764457390227,3.39249127245163,1.04380306209694
"13955-90",1.14498030642084,3.28421831460916,2.11758172226819,99.6063176195837,82.0150234594822,1.60943850591131,3.7136257132808,3.21966085185945,91,1.50280351642923,3.91110292483318,2.41984610057266,80,101.5,1.32175583998233,3.74892573114291,3.09541897458756,84.5847848922845,0.693147827029066,3.16059585502037,NA,84.7903468729758,10,1.61284878241329,120.029816306307,0.032355426097733,2.71675631031271,0.693148170636119
"13955-149",1.28522707599543,3.43887689680232,2.09253079206013,99.8749999466691,91.2500000000005,1.25276296849527,3.21856966744219,2.42256492905932,89,1.70347421189138,4.17346718930068,2.80444607021686,87.5,101.5,1.3862943611199,3.86015136625314,3.46124474680511,87.9999999999999,1.38629436111968,3.21717850793764,1.13156244674445,95.0000000000001,30,1.54102304784203,121,1.5,2.70801230341215,0.494696241835656
"13955-55",1.50295058571562,3.47618152731364,2.19565337850158,97.9999999463729,88.1250000000006,1.7047480922384,3.5550419040634,2.88256291618773,83.5,1.50280351642923,3.31326592407757,2.12327508070363,86.25,100,1.70474809223844,3.86015136625314,3.36841981214451,87.9999999999999,1.60943791243391,3.80496517283976,1.89407409641175,90,35,2.06663246779225,120.5,2.5,2.70801230341215,0.576613364303568
"13955-222",1.31189535769517,3.45266750250309,1.99991232567144,100.249999946455,97.5000000000006,1.09861228866804,3.40089122423614,2.53936419680557,87,1.60816403208706,3.68795937351898,1.85134136521999,94.9999999999999,103.5,1.3862943611199,3.86015136625314,3.20570009959215,87.9999999999999,1.25276296849518,3.21717850793764,1.63845395641963,100,35,2.03468086798565,122.5,3.5,2.99569437586393,0.587786664901689
"13955-139",0.961534583133607,3.19903944789486,2.12459806395808,102.12499994679,103.125000000001,1.09861288214532,3.48093393190968,2.76093170366431,92,0.691873300212902,2.99481219295903,2.08690743653275,102.5,106.5,1.25276296849538,3.86015136625314,3.42643110450097,88.4999999999999,1.0986122886679,3.11181799227981,1.20841758758096,103.75,20,2.00167457151748,121.5,2,2.70801230341215,1.14422279991967
"13955-111",0.718831613797708,2.41553945098443,0.886993322010514,97.9999999468481,94.3750000000006,0.693147180559875,2.99542611612798,1.33276327007336,87,0.915016851527113,2.30166501239908,1.12926699551151,97.4999999999999,102,0.69314718055994,3.31360765988507,1.83928710902608,83.9999999999999,1.25276296849516,2.70635288417164,0.949240889950495,91.2500000000001,-7.105427357601e-15,0.781917899490284,119,0.500000000000001,2.01486512285221,-0.248461359298991
"13955-66",0.809803379027369,2.6598149474342,1.17548429950499,99.8749999463344,95.0000000000006,0.693147180559962,2.7077440436762,1.6654690238991,89.5,1.25148908814833,2.30166501239909,0.870512112208262,95,101.5,1.09861228866812,3.4006190368747,2.38417175238399,87.9999999999999,0.916290731873965,2.0132057036117,-0.0258605662403002,95,15,1.35443709226162,120.5,0.5,2.70801230341215,0.620576487724654
"13955-41",1.34450510739674,3.61572301030413,2.43837457211193,99.9999999464074,94.3750000000006,1.38629436111982,3.86042355361458,3.43013520247163,88.5,1.43678042578346,3.85980963044564,2.50659268664864,92.4999999999999,103,1.3862943611199,4.09376621743464,3.35467389123987,86.9999999999999,1.3862943611197,2.99403495662343,1.55760185979054,96.25,60,2.53899181073045,121.5,3,2.70801230341215,0.841567185677791
"13955-223",1.73475217066436,3.93685014898569,2.69511952707182,100.874999946449,86.2500000000006,1.94591014905524,4.34997177893329,3.91377723003871,88.5,2.01362914019522,4.31656803294135,3.01546826099872,83.7499999999999,103.5,1.94591014905533,4.31690976874885,3.78068766757542,88.9999999999999,1.60943791243391,3.11181799227981,1.36043379487959,88.75,70,2.50305980150439,122.5,2.5,3.21883792717814,0.908258560176461
"13955-43",1.20066968134277,3.15544722728825,2.02393861035647,96.7499999464039,98.1250000000006,1.2527629684953,2.99542611612798,2.67878373205532,84,1.70347421189138,3.74858399533541,2.75821287517765,95,100.5,1.09861228866812,3.31360765988507,2.57859633134919,83.4999999999999,1.3862943611197,2.99403495662343,0.895545266300624,101.25,50,2.45304938092972,119,1,1.60940001474404,0.182321556793527
"13955-37",1.2006696750595,3.45890713715776,1.64634449208677,96.7499999463987,81.2500000000006,1.50407739677619,3.62403477555035,2.48682686327769,84.5,1.70347421189138,4.00641310463751,2.20331778837717,78.75,99,1.3862943611199,4.21154925309103,2.4418373942338,85.9999999999999,0.693147180559756,2.99403495662343,0.128260337880664,83.75,15,1.65168861572955,117.5,1,3.11347741152032,0.165514438477146
"13955-50",1.37561118815496,3.81758987078273,2.60537408608249,102.249999946416,91.8750000000006,1.25276296849529,4.13486039931635,3.5416158854047,90,1.60816403208706,3.74858399533541,2.82825671891058,91.25,106.5,1.32175583998233,4.09376621743464,3.40691829027739,88.9999999999999,1.25276296849518,2.86050356399891,1.58051266679235,92.5,60,2.56988229774979,123.5,4.5,3.91198510773809,1.60943791243367
"13955-76",0.446897879399661,2.82359914753253,1.24815132252123,99.3749999463447,101.875000000001,0.693147180559994,2.86189472350346,1.72052880108213,88.5,1.09733840832107,3.40027730106719,2.06190613432734,103.75,101,0.693147180559956,3.48066174454823,1.91508094839562,86.9999999999999,-1.91624494050302e-13,2.0132057036117,0.438415266184504,100,20,1.10860212974534,121,0,2.01486512285221,0.322083499168655
"13955-140",0.670041481651819,2.47544324552984,1.41320794726803,101.249999946738,101.250000000001,0.693147180559804,2.86189472350346,2.23847189261698,91.5,0.40419122776112,2.0139829399473,2.46050157944837,106.25,103,0.405465108108175,2.86162253614201,1.3125881361038,87.9999999999999,1.0986122886679,2.52403132737769,0.988461603103776,96.2500000000001,5,1.18738300759845,122.5,2,2.70801230341215,0.722705982800999
"13955-190",1.271621462889,3.35603625525118,1.72244209527749,96.7499999464603,98.1250000000006,1.38629436111973,3.91171684800214,2.12599390919029,83.5,1.50280351642923,4.09342448162714,2.62693221499101,97.4999999999999,100,1.17865499634166,2.70747185631475,1.97183376498807,84.9999999999999,1.09861228866787,2.99403495662343,1.36795122480868,98.7500000000001,20,1.91038315130808,118.5,3.5,3.31414810698247,0.565313809049594
"13955-77",1.12429673305684,3.24931556967416,2.13008200718361,100.249999946345,86.2500000000006,1.25276296849541,3.68857329668792,3.08880465669934,89.5,1.25148908814833,3.68795937351898,2.66459693579189,87.5,102.5,1.32175583998233,4.05120660301584,2.95610536219077,87.9999999999999,1.09861228866792,3.21717850793764,1.16435226956744,85,10,1.84191535203062,121,2,2.30254719530399,0.770108221695615
"13955-187",0.85236304308132,2.99558145442952,1.60271215300419,99.7499999464874,95.0000000000006,0.693147180559799,3.21856966744219,2.74823312032719,89.5,0.915016851527112,3.21795574427324,1.69065898352951,97.4999999999999,101.5,0.693147180559956,3.31360765988507,2.03852513948674,87.4999999999999,0.916290731873914,2.70635288417165,1.19610096788202,92.5000000000001,20,1.65168861572955,120.5,3,2.5256907466182,0.431782416425074
"13955-95",0.912987631336299,3.07595168874268,1.54281672937722,100.249999946329,88.7500000000006,0.916290731874252,3.40089122423614,2.19498678067724,89.5,1.25148908814832,2.99481219295903,1.82762483860267,83.75,103.5,1.01160091167849,3.55476971670195,2.59721884344719,86.9999999999999,0.916290731873985,2.52403132737769,1.13156244674445,93.75,30,1.24622350762139,121,1.5,2.5256907466182,0.378436435719775
"13955-151",0.742362080847923,2.52624182865262,1.12570446630984,97.9999999466058,85.0000000000006,0.693147180559812,2.30227893556804,1.7556201208934,87.5,1.50280351642923,3.55442798089445,2.06190613432734,85,98.9999999999999,0.810930216216338,2.86162253614201,1.46100814122207,86.4999999999999,0.693147180559746,2.30088777606348,-0.0289252456417477,85.0000000000001,10,1.30179335877619,119,-4.44089209850063e-16,1.60940001474404,-0.415515443962073
"13955-184",1.31189531521386,3.51391173119204,1.55987842554977,97.4999999464792,85.0000000000006,1.38629436111975,3.40089122423614,1.9507898201652,85.5,1.87052829655455,4.17346718930068,1.99652337506449,83.7499999999999,99,1.09861228866812,3.48066174454823,2.471563574499,86.4999999999999,1.38629436111965,3.39950006473159,NA,86.2500000000001,30,1.6421191647134,119,1.5,3.21883792717814,0.722705982801026
"13955-61",1.21526847211929,3.43624153820274,2.21555029231292,98.4999999463603,90.0000000000006,1.38629436111992,3.21856966744219,2.24377694484668,88.5,1.87052829655455,3.85980963044564,2.7984037557609,87.4999999999999,99,1.32175583998233,3.91144466064069,3.35294228907559,87.9999999999999,0.405465108107975,2.99403495662343,0.787914602108259,92.5,55,2.74393145611217,118.5,1.5,2.5256907466182,0.542325280901535
"13955-27",1.21526852347294,3.37564744773786,2.13508244563427,102.124999946425,96.8750000000006,0.916290731874107,3.40089122423614,2.61880102745361,92,1.60816403208706,4.09342448162714,2.5405746464588,94.9999999999999,105,1.01160091167849,3.55476971670196,3.28666916212581,88.9999999999999,1.25276296849518,3.21717850793764,1.51455469900056,98.75,30,1.87292558877318,122.5,3.5,2.5256907466182,0.985816794522335
"13955-163",0.970146076075421,2.85578449673115,1.61376642522946,98.6249999465193,89.3750000000006,0.405465108108043,3.11320915178436,2.12599390919029,89,1.09733840832107,3.4002773010672,1.6682634962442,91.25,99.5,0.916290731874166,3.11293696442292,2.63700709350561,84.9999999999999,1.25276296849513,2.0132057036117,1.13156244674445,87.5000000000001,15,1.66116735968409,121,3,2.70801230341215,0.565313809049602
"13955-127",1.21526854293926,3.38198731845891,2.09330494942264,102.24999994692,93.1250000000006,1.32175583998221,3.96050701217157,3.43657644857449,90,1.09733840832107,3.4002773010672,2.09917752912457,93.7499999999999,106,1.09861228866811,3.4006190368747,2.52055296169928,89.9999999999999,1.38629436111968,3.55365074455885,1.55900646157139,92.5,25,2.08532460080441,123,3.5,2.70801230341215,0.741937344728887
"13955-NC13-20076",0.466531429422388,1.97443072096251,0.395744771285898,96.7818855079312,91.7953102511414,0.441832686336953,2.18175064833707,1.04931165520964,83.5555556973478,0.898164563142976,2.91257635329263,0.953795039287221,87.7364138282396,100,0.587786664902108,2.13948781870881,0.963503361431746,84.6016905675238,0.441832680457527,1.81490053124484,-0.376522971429365,95.856628125225,2.00000000000001,0.530538534036073,119,0.75,1.89611523372116,-0.54856606212652
"13955-98",1.22159655620932,3.20387259027024,1.63642650136906,100.999999946336,90.6250000000006,1.25276296849544,3.40089122423614,2.14952440660049,90,1.09733840832107,3.21795574427324,2.31885106238535,90,102.5,1.38629445724743,3.21829748008074,1.80728437793991,87.9999999999999,1.38629436111972,3.11181799227981,1.25222021023936,91.25,35,1.9744620079926,123.5,3,2.70801230341215,0.732367893712756
"13955-158",0.982754228781024,2.8614941133151,1.48349091442657,101.713739569621,104.375000000001,1.09861228866796,2.86189472350346,1.5018396001173,91.5,0.691873300212902,2.70713012050725,0.932556701265455,103.75,104,1.01160091167849,3.4006190368747,2.73489293474673,88.9999999999999,1.25276296849516,2.30088777606348,0.667286614319645,105,20,1.77685175868355,122.029816306307,3.03235542609773,2.86216298323941,0.841567185677801
"13955-104",1.7173604134037,3.88042845518505,2.56731439805002,95.874999946848,80.0000000000006,1.87180217690146,4.09403840479609,3.04940210883331,82,2.13879228314923,4.34935785576434,2.75505331488728,74.9999999999999,98.9999999999999,1.79175946922805,3.74892573114291,3.0588852312551,84.9999999999999,1.70474809223821,3.6226436160458,2.55280105308522,85.0000000000001,50,2.87265899642405,117.5,2,3.55531016379936,1.13140211149061
"13955-172",1.38788125490507,3.4851959367916,1.95765787336699,100.624999946493,82.5000000000006,1.38629436111967,4.00702702780646,3.17164066227849,89,1.60816403208706,3.80574240917536,2.77696342452303,81.2499999999999,104.5,1.25276296849538,2.70747185631475,1.13823474895903,88.4999999999999,1.70474809223818,3.63059948426611,1.53566575983751,83.7500000000001,40,1.96754156514802,120.5,2.5,2.99569437586393,0.751416088683463
"13955-102",1.31189534212538,3.20871232518932,2.0563279506029,98.124999946848,93.7500000000006,1.38629436111976,3.74919791850436,3.12012712782838,85,1.60816403208706,3.80574240917536,2.80100879128176,93.7499999999999,102,1.38629436111989,3.4006190368747,1.99231229633161,85.9999999999999,1.25276296849516,2.52403132737769,0.128260337880664,93.7500000000001,20,2.52318120470381,119.5,2.5,2.70801230341215,0.693147180559455
"13955-62",0.787824462919977,3.46139325552116,2.0269844403458,100.124999946364,97.5000000000006,0.91629073187418,3.31387984724651,2.49509137312758,90,1.25148908814832,3.68795937351898,2.60511316759637,96.2499999999999,101,1.17865499634166,3.48066174454823,2.61550088828464,86.9999999999999,0.693147180559755,2.99403495662343,0.90841889543024,98.75,70,2.47836718891401,122.5,-4.44089209850063e-16,2.99569437586393,0.875468737353444
"13955-48",1.22159654749048,3.62222662575913,2.5012826990939,101.874999946412,89.3750000000006,1.38629436111982,4.17408111246963,3.58405506867986,90,1.09733840832107,3.80574240917536,2.88263348978865,90,106,1.38629445724743,3.62376258818891,3.23537586773826,89.9999999999999,1.3862943611197,2.5240313273777,1.53702755485261,88.75,60,2.44876671913772,121.5,2.5,3.4011594839721,0.985816794522337
"13955-137",1.71090464127568,3.90078275686658,2.45680270177814,97.4999999467751,86.2500000000005,1.70474809223831,3.96050701217157,2.92628572720157,85.5,2.07816766133279,4.49888958973531,3.28530919580923,83.75,98.9999999999999,1.60943800856164,3.96023482481012,2.84442480251435,85.9999999999999,1.70474809223821,3.47954277240513,1.83885201882526,88.75,60,2.73430056305122,119.5,3.96764457390227,3.4011594839721,1.1378330018209
"13955-85",1.29915477676958,3.24626377723322,1.77601168465819,99.4999999463566,87.5000000000006,1.50407739677635,3.11320915178436,2.5472073742666,87,1.38502048077285,3.80574240917536,2.39747380281812,85,101,1.25276306462291,3.11293696442291,2.54805960748911,88.4999999999999,1.09861228866792,2.86050356399891,1.02620193108662,90,40,1.55160515717257,121.5,3.5,2.86216298323941,0.457424847038458
"13955-106",1.18880670639014,2.86297606356607,1.18586575701817,96.3749999468481,83.7500000000006,1.25276296849525,2.7077440436762,0.914052935215181,85.5,1.50280351642923,3.68795937351897,2.16409707522388,81.2499999999999,99,1.38629445724743,2.70747185631475,1.58006750123806,82.9999999999999,0.916290731873945,2.30088777606348,-0.0396205347584947,86.2500000000001,20,1.88053018815839,118,2.5,2.70801230341215,-0.223143551314699
"13955-84",0.855662223004756,2.97255089215601,1.2471074060808,99.7499999463579,93.7500000000006,0.693147180560029,2.99542611612798,1.95785698738829,88.5,1.50280351642923,3.68795937351897,0.827952497789465,91.25,102.5,1.25276306462291,2.86162253614201,2.0513458279158,87.9999999999999,0.916290731873964,2.70635288417165,1.0625695752575,96.25,25,1.78522000835407,120,0,2.30254719530399,-0.174353387145194
"13955-126",1.53369635018934,3.50386402504069,2.0881506290713,94.8749999468327,87.5000000000006,1.60943791243398,3.62403477555036,2.87696066063907,81,1.84224553389162,4.00641310463752,2.16409707522388,82.4999999999999,99.4999999999999,1.60943800856164,3.11293696442291,2.25779021147238,82.9999999999999,1.60943791243389,3.11181799227981,1.40213436721299,92.5000000000001,50,2.55840989658755,116,2.5,3.21883792717814,1.55180879959697
"13955-135",0.852363000065463,3.10338472883176,1.40467288428373,98.1249999467661,97.5000000000005,0.916290731874045,2.99542611612798,1.42087053758363,87,1.25148908814832,3.4002773010672,1.76148503609813,96.25,99.9999999999999,1.09861228866811,3.31360765988507,2.42882202612173,86.9999999999999,0.693147180559735,2.70635288417165,0.29531442254383,98.75,45,1.91770919140015,118.5,1,2.30254719530399,0.292669613962329
"13955-219",0.953638805869499,3.35871553952665,1.65102459083408,98.2499999464634,93.7500000000006,0.916290731874104,3.21856966744219,2.43137555874148,85,0.743633245223514,3.91110292483319,2.12779582562264,91.2499999999999,100.5,1.09861228866812,3.48066174454823,1.87790194515387,86.9999999999999,0.693147180559755,2.30088777606349,0.573257664671368,96.2500000000001,45,2.17951181586411,120.5,3,3.31414810698247,0.722705982801061
"13955-201",1.1452730992939,3.18530241466429,1.66383691127152,97.6303036309811,91.8750000000006,1.09861228866803,1.60913175500809,1.04508119762159,85.5,1.79048558888101,4.38110655407892,2.67263436847186,89.9999999999999,99.5,1.09861228866812,2.30200674820659,1.73129847096199,85.9999999999999,0.693147180559739,2.86050356399891,1.60156607599018,93.7500000000001,30,2.1036737394726,120.029816306307,2.03235542609774,3.92072911463865,1.30291374225701
"13955-28",1.02215918939895,2.75976837444211,1.4501505250838,98.2499999464094,101.875000000001,1.09861288214532,1.63418417160096,0.760072010055736,87,1.38502048077285,3.11259522861542,1.69979146709279,101.25,101,1.01160091167849,2.86162253614201,2.32297619135707,85.9999999999999,0.693147180559756,2.30088777606349,1.3138840035384,102.5,35,1.92498195072923,119,2.5,2.5256907466182,0.405465108107735
"13955-22",0.313366499072379,2.53482196895679,1.60683033940984,101.499999946469,103.125000000001,0.405465108108107,2.52542248688224,1.93650386291772,90.5,0.691873300212901,2.0139829399473,2.73265237819812,105,104,0.405465108108176,2.5251502995208,1.91508094839562,88.9999999999999,0.693147180559754,2.0132057036117,0.56357840913851,101.25,30,1.81800983117706,122.5,-4.44089209850063e-16,2.5256907466182,0.165514438477145
"13955-49",0.961534494760536,2.94344922097929,1.25659638645763,95.3749999464003,82.5000000000006,1.09861288214532,3.02047853272085,1.06017660250608,81,1.94463626870827,3.68795937351898,1.80333214603363,77.5,98.5,0.693147180559957,3.11293696442291,2.41120042477192,84.9999999999999,0.405465108107975,2.70635288417165,0.561926098661818,87.5,20,1.27439438458808,117,0,2.01486512285221,-0.478035800943428
"13955-91",0.718831625673338,2.96737758415591,1.62735864034421,101.624999946337,93.1250000000006,0.91629073187428,3.31387984724651,2.08962626501942,91.5,0.915016851527112,3.40027730106719,1.72669892001271,95,104.5,0.693147180559954,3.21829748008074,2.471563574499,89.4999999999999,0.693147180559776,2.0132057036117,1.37317282065702,91.25,30,1.8805301881584,121,1.5,2.30254719530399,0.405465108107734
"13955-122",1.00235652443865,2.93337574805042,1.49935758153237,97.124999946779,92.5000000000006,1.09861288214532,1.63418417160096,0.654711494397908,86,1.38502048077285,3.55442798089446,1.73550954969486,89.9999999999999,101.5,1.0986122886681,3.48066174454823,2.62988962573674,82.9999999999999,1.38629436111968,2.99403495662343,0.620736822978459,95.0000000000001,25,2.07913263055648,118,-4.44089209850063e-16,2.01486512285221,0.01980262729569
"13955-186",1.12429675244711,3.15710986272018,1.8639617450519,99.7499999464919,90.6250000000006,0.916290731874014,3.11320915178436,2.34436418175185,88,1.25148908814832,3.4002773010672,2.85151358107484,92.4999999999999,103,1.01160091167849,3.55476971670195,2.16558401760564,86.9999999999999,1.38629436111965,3.11181799227981,1.13085935323509,88.7500000000001,25,2.07913263055649,121,3,2.5256907466182,0.405465108107701
"13955-78",1.04160500646046,3.42050517746901,2.34571171994163,101.749999946342,91.2500000000006,1.38629436111993,3.96050701217157,3.5672948998224,91.5,1.09733840832107,3.31326592407756,2.12779582562263,91.25,105,1.25276296849538,3.86015136625314,3.10434760533186,87.4999999999999,1.09861228866792,2.5240313273777,1.32121308172631,91.25,75,2.61812913128917,123,1,2.30254719530399,0.576613364303535
"13955-207",0.951453897338585,3.06461735089429,1.57855925263426,95.8749999464501,86.8750000000006,1.38629436111981,3.31387984724652,2.1436934862897,81,1.38502048077285,3.48032000874073,1.76735439888843,83.7499999999999,99,1.01160091167849,3.68830110932648,2.53243428958603,83.9999999999999,0.405465108107976,1.55115794258627,NA,90.0000000000001,40,1.87292558877318,119.5,1,2.01486512285221,0.0582689081235497
"13955-202",1.36318863350317,3.68928534270235,2.25945246728339,97.6249999464355,80.6250000000006,1.79175946922797,3.91171684800213,3.14191448201329,84.5,1.50280351642923,4.00641310463751,2.39293864765273,79.9999999999999,100,1.3862943611199,3.91144466064069,3.36157047029893,85.9999999999999,1.25276296849516,2.86050356399891,1.46803468336566,81.2500000000001,55,2.14522274238547,120,2,3.4011594839721,0.760805829033357
"13955-38",1.52445682158941,3.87602340808656,2.56503549814226,100.624999946412,87.5000000000006,1.60943791243402,3.86042355361458,3.19847405758156,89,1.50280351642923,3.91110292483319,2.81642226126357,83.75,103,1.60943791243411,4.34969959157184,3.42643110450097,87.9999999999999,1.50407739677608,3.21717850793764,1.72222383948509,91.25,60,2.78462564693873,122.5,4.5,3.80662459208026,1.49514876603154
"13955-82",1.33787080114868,3.50772192521076,2.28561190809452,99.3749999463522,87.5000000000006,1.50407739677632,3.74919791850436,2.8041483051641,90,1.70347421189138,4.09342448162714,2.66227158143632,85,101,1.50407739677629,3.86015136625314,3.5447507648013,86.9999999999999,1.3862943611197,3.31248868774196,1.80790250898801,90,20,1.91038315130808,119.5,1,2.99569437586393,0.858661619037102
"13955-156",1.30096769400321,3.38541478524404,1.89782032084588,99.4362188946603,92.7933459713627,1.3862949545971,3.02047853272085,2.12104856319134,88,1.50280351642923,3.80574240917536,2.5332609337308,91.25,101.5,1.3862943611199,3.86015136625314,2.96124676169118,86.5847848922845,1.09861293513723,3.34291741181433,NA,94.7903468729758,25,1.72511608428436,121.5,3,3.0044383827645,0.858662609113692
"13955-134",1.1846780906726,2.60044942278443,1.3372031977685,95.6249999467117,85.6250000000006,1.3862949545971,2.32733135216091,1.61448733821181,82,1.50280351642923,3.4002773010672,1.7784345944119,81.25,99.4999999999999,1.25276296849537,3.31360765988507,2.42882202612173,81.9999999999999,1.50407739677606,2.52403132737769,0.717297034894307,90,5,1.31521637910833,119,0.500000000000001,2.01486512285221,-0.356674943939222
"13955-80",1.10829637958844,3.16082978776153,1.58467883397564,95.6249999463378,85.0000000000006,1.2527629684954,2.99542611612798,1.93650386291772,84,1.38502048077285,3.68795937351897,1.65327145145789,81.25,99,1.25276296849538,3.80608414498286,2.74130321310765,80.9999999999999,1.09861228866792,2.30088777606348,0.117240277400372,88.75,40,2.09147846637878,118.5,1.5,2.30254719530399,0.482426149243878
"13955-53",0.415149193141268,2.87821143286744,1.47136580451369,99.9999999463876,93.1250000000006,0.405465108108135,3.31387984724651,2.61150172497199,89.5,0.915016851527113,3.11259522861541,1.43012790014368,92.5,101,0.81093021621634,3.21829748008074,2.11309383498425,88.4999999999999,-1.90736315630602e-13,2.0132057036117,0.424724977148334,93.75,30,1.73392671396652,121,0.500000000000001,2.01486512285221,0.148420005117847
"13955-215",1.04160501233513,3.24208266186626,1.80750438046604,100.749999946473,97.5000000000006,1.25276296849532,3.40089122423614,2.69576206858973,89.5,1.09733840832107,3.4002773010672,1.6682634962442,98.7499999999999,104.5,1.3862943611199,3.80608414498286,3.04247220161377,88.4999999999999,0.916290731873966,2.70635288417165,0.335929478365202,96.2500000000001,30,1.74266039393527,120.5,1.5,2.70801230341215,0.444685821261017
"13955-162",1.51084088674545,3.6725146837961,2.29074059688648,97.0060638539889,85.8359307534229,1.50407739677615,3.31387984724651,2.40470731165931,84.6666670920435,1.96159364057339,3.99003702461606,2.38838283111687,84.9425748180518,99.5,1.55814461804656,3.86015136625314,3.23732328802266,85.1384050359051,1.46633685330353,3.47316272049046,2.05449772133727,86.7365510423415,40,2.5961502245704,118.5,2.5,3.68594379590577,1.17557299977841
"13955-150",1.02013668015365,3.17965926037224,2.10511108773121,100.322319402095,85.699147119544,1.09861228866798,3.31387984724651,2.9046632631884,93.0000012761304,0.743633245223515,3.44410106010044,2.25172767883313,84.8277244541554,101,1.3862943611199,3.96023482481012,3.42481950060663,NA,1.38629500758901,2.36086506284177,-0.228414606058068,NA,30,2.06032329859899,120.970183693693,-0.0323554260977332,2.29387898378352,0.182320566717781
"13955-165",0.988495210208964,3.27740739730031,2.73350763002693,102.374999946524,94.3750000000006,1.25276296849524,3.91171684800214,3.56306059568361,93,0.40419122776112,2.70713012050725,3.73459869041873,96.2499999999999,105.5,1.32175583998233,3.62376258818891,3.26608845442579,88.9999999999999,1.09861228866787,2.70635288417165,1.80774601292325,92.5000000000001,55,2.56224867289472,122,2,2.5256907466182,1.32972400963104
"13955-120",1.15554930982146,3.54013717226398,2.14604653922383,102.287557373403,99.3750000000006,1.09861228866799,3.48093393190968,2.89643276405189,NA,0.691873300212903,3.4002773010672,2.53664536831891,102.5,106,1.32175583998231,3.31360765988507,2.10708781092404,89.9999999999999,1.50407739677606,3.55365074455885,1.60156607599018,96.2500000000001,50,2.75347047915893,122.5,3,3.55531016379936,1.12492959698499
"13955-179",1.6061348498626,3.69903604111377,2.40004187834326,101.124999946465,91.2500000000006,1.50407739677615,4.00702702780646,3.42039486572325,89.5,1.79048558888101,4.05086486720835,2.83704154846631,92.4999999999999,105,1.50407739677628,3.96023482481012,3.12415023262804,88.9999999999999,1.70474809223818,3.39950006473159,1.49156518077586,90.0000000000001,35,2.19068511646223,121,5,3.21883792717814,1.16938135955585
"13955-29",0.592079908477796,2.54560095270363,1.36243986353644,99.9999999464151,100.625000000001,-7.57172102794357e-14,2.30227893556804,1.70251029557945,90,0.691873300212901,2.86128080033451,1.82762483860267,101.25,103.5,1.17865499634166,3.31360765988507,1.92957395569819,84.9999999999999,0.916290731873966,2.30088777606348,0.215271714870294,100,15,2.1276269804951,121.5,0.500000000000002,1.60940001474404,-0.198450938724269
"13955-155",0.955383174494929,2.98844107757168,1.60907632673682,99.2302037363375,92.5000000000005,1.25276296849522,3.48093393190968,2.40470731165931,87,1.32048195963528,3.48032000874073,2.12468099136785,90.6249999999999,102.5,0.916290731874165,2.99515392876653,1.99231229633161,86.7499999999999,1.09861228866791,2.30088777606348,0.418182238005017,94.3750000000001,25,2.09147846637878,120.75,0.750000000000001,2.42033023096037,0.431782416425129
"13955-143",1.41197881433451,3.65565519852973,2.62643463167234,101.374999946663,96.8750000000005,1.25276296849521,3.91171684800214,3.48207449171369,90,1.70347421189138,3.68795937351898,2.55065267644267,92.5,105,1.3862943611199,4.00675484044501,3.5375719830743,88.9999999999999,1.50407739677606,2.70635288417165,1.46803468336566,101.25,74.9999999999999,3.12895475505516,121.5,3.5,3.21883792717814,0.858661619037029
"13955-86",0.670041432760976,2.83722673362759,1.60966756734432,99.7499999463562,90.0000000000006,0.916290731874236,3.31387984724651,2.76093170366431,88.5,1.09733840832107,3.40027730106719,2.23041971815496,88.75,103.5,0.916290731874163,3.11293696442291,2.4418373942338,87.9999999999999,0.693147180559753,2.99403495662343,0.128260337880664,91.25,10,1.01591146682856,119,0,1.60940001474404,-0.616186139424235
"13955-113",1.05869944920806,3.19745076649903,2.30413388783938,101.124999947263,91.8750000000006,1.09861228866803,3.40089122423615,3.22262009988677,89.5,1.25148908814833,3.48032000874073,2.48410803479102,92.4999999999999,104.5,1.32175583998231,3.80608414498286,3.18336414565008,89.4999999999999,0.916290731873945,2.70635288417164,1.96447156967956,91.2500000000001,25,2.12169224497528,121,2,2.5256907466182,0.867100487682893
"13955-13",1.31189531658987,3.32527944334688,1.80476580864814,99.9999999467949,93.1250000000006,1.38629436111981,3.48093393190968,2.88256291618773,88,1.70347421189138,3.95989308900262,2.06190613432734,92.4999999999999,103.5,1.38629436111989,3.11293696442291,1.62982901079713,87.9999999999999,1.50407739677606,3.6226436160458,1.34753039004368,93.75,20,2.27072782413577,120.5,1,2.70801230341215,0.506817602367962
"13955-65",1.2852271108181,3.62254907179443,2.72670881594012,104.124999946354,98.1250000000006,1.50407739677629,3.91171684800213,3.81437502396451,93.5,1.38502048077285,3.74858399533541,2.80142947667743,98.7499999999999,108,1.3862943611199,3.86015136625314,3.31045802408983,91.4999999999999,1.09861228866792,3.21717850793764,2.05358097543954,97.5,60,3.1483310340183,123.5,3,2.86216298323941,0.832909122934648
"13955-99",1.37561113338946,3.53358867751471,2.07756839339444,99.1249999463302,85.6250000000006,1.50407739677635,3.86042355361458,2.86566110538513,86,1.87052829655455,3.85980963044563,2.59402248090221,87.5,103.5,1.44691898293633,4.00675484044501,3.37012484239559,85.9999999999999,1.09861228866794,2.30088777606348,0.530085492806159,83.75,35,1.59284811570662,121,2,3.48120219164563,0.722705982801019
"13955-39",1.04160499594189,3.00797583229395,1.60885860844709,100.124999946405,91.8750000000006,1.2527629684953,3.40089122423614,2.51141826641501,88.5,1.38502048077285,3.68795937351898,1.56365929276821,91.2499999999999,104,1.25276296849538,3.48066174454823,2.68883216137019,87.9999999999999,0.916290731873966,2.86050356399891,0.502953787322076,92.5,15,1.61284878241328,120,1,1.60940001474404,0.262364264467065
"13955-189",1.1546523720593,2.85955700433271,1.6550255612276,100.999999946473,95.0000000000006,1.38629436111973,3.5550419040634,2.82803003716749,89,1.50280351642923,3.55442798089446,2.27742576053089,94.9999999999999,106,1.38629426499235,2.86162253614201,1.74350437664149,87.9999999999999,1.09861228866787,2.0132057036117,0.497678092985837,95.0000000000001,15,1.75990220036978,121,1,2.30254719530399,0.246860077931059
"13955-204",1.04160503883177,3.49507273682699,1.99747641433003,99.1249999464495,91.8750000000006,0.693147180559868,3.21856966744219,2.42697994726844,86.5,0.915016851527112,3.68795937351898,1.97144975523194,93.7499999999999,102,1.09861228866812,3.96023482481012,3.01369323706373,86.9999999999999,1.50407739677608,3.55365074455885,1.87349979147383,90.0000000000001,25,1.88807739379378,121,2.5,3.31414810698247,1.07840958135016
"13955-46",0.382359380464536,3.07425989616201,2.30441139729475,102.874999946416,102.500000000001,0.405465108108092,4.00702702780646,3.90376713644361,92,0.404191227761119,2.30166501239909,1.87450842450152,101.25,105.5,0.916290731874166,3.4006190368747,2.64054692021073,90.9999999999999,0.405465108107976,2.0132057036117,0.126089892677354,103.75,65,3.19620698206433,123,0.500000000000001,2.01486512285221,-0.0833816089394792
"13955-119",1.3631886589127,3.38169138307791,1.99349054927304,100.249999947042,95.0000000000006,1.60943791243401,3.40089122423615,2.66499040992298,89.5,1.25148908814833,3.31326592407757,1.91196598703642,93.7499999999999,102.5,1.50407739677627,3.80608414498286,3.16888612646943,88.9999999999999,1.38629436111968,2.70635288417165,1.20841758758096,96.2500000000001,45,2.16251423949554,120,3,3.21883792717814,0.631271776841368
"13955-147",1.25782812222579,2.83416948591318,1.52483349784624,97.9999999466331,87.5000000000005,1.50407739677613,2.99542611612798,2.47009007092217,87,1.38502048077285,3.21795574427324,2.15260269579815,88.75,100.5,1.3862943611199,3.21829748008074,1.90775490830354,83.9999999999999,1.25276296849516,2.52403132737769,0.614642880834223,86.2500000000001,10,1.63245725380166,120.5,2,2.70801230341215,0.165514438477084
"13955-57",1.12483769970384,2.93577585744035,1.5194983007855,102.057610765178,93.9224508227587,1.3862949545971,2.73279646026907,1.98384744167785,90.9999987238696,0.642661115896342,2.25968141455466,0.88810493869462,92.6722755458445,106,1.17865499634166,3.48066174454823,2.54417610746271,89.4999999999999,0.916290731873966,2.30088777606348,0.641311127916384,95,20.9436159723453,1.57243924407541,122,3.5,3.4011594839721,1.08518926833554
"13955-47",1.36318862900385,3.41719946197658,2.26349794472623,96.4999999463991,87.5000000000006,1.70474809223834,3.62403477555035,2.82507582527005,84,1.50280351642923,3.80574240917536,2.58280741008207,87.5,99,1.70474809223844,3.68830110932648,3.37691603997359,84.9999999999999,0.916290731873966,2.52403132737769,0.810387457960318,87.5,40,2.45731377971618,118,2,3.11347741152032,1.22964055107408
"13955-132",1.64460111457303,3.84740416038299,2.35657883613558,98.2499999466916,90.0000000000006,1.70474809223831,3.86042355361458,3.29359906934535,84,1.87052829655455,4.00641310463751,2.49754285112872,85,102.5,1.70474809223843,3.6237625881889,3.17511667622007,85.4999999999999,1.50407739677606,4.15262453206983,1.90475233497793,95,50,2.25000169361865,121,4.5,3.55531016379936,0.955511445026946
"13955-12",1.06062546088954,3.26271493896431,2.03458474928141,99.7499999469684,105.000000000001,1.09861288214532,3.24362208403506,2.92912571042526,87,1.38502048077285,3.55442798089445,1.84349818775896,99.9999999999999,104.5,1.17865499634164,3.86015136625314,3.07044605365618,86.9999999999999,0.916290731873945,1.60774059550354,1.08126241209572,110,45,2.25000169361865,120.5,2,3.11347741152032,0.900161349943781
"13955-81",1.52445676996556,3.39072390345662,2.08263871056107,99.3749999463521,81.8750000000006,1.70474809223846,3.74919791850436,3.37534971936405,88,1.79048558888101,3.80574240917536,2.55227068622199,81.25,103.5,1.60943791243411,3.80608414498286,2.58234868096774,86.9999999999999,1.60943791243391,2.99403495662343,0.674804044248734,82.5,30,1.9744620079926,119,2,2.5256907466182,0.494696241835691
"13955-35",1.29865013330651,3.00503177498638,1.70854965367906,100.624999946414,86.2500000000006,1.25276296849527,3.5550419040634,2.74823312032719,90,1.38502048077285,3.62342085238141,1.45365839755388,83.7499999999999,103.5,1.44691898293634,3.74892573114291,2.84730250234197,86.9999999999999,1.3862943611197,2.0132057036117,0.371020798176472,88.75,10,1.68907614780117,122,3,2.5256907466182,0.553885113226007
"13955-121",0.644723614564628,2.60546006406969,1.32153702740049,99.4999999468067,93.1250000000006,0.693147180559823,2.99542611612798,2.54329347494546,87,1.38502048077285,3.31326592407757,1.61443161814163,97.4999999999999,103.5,0.810930216216324,3.11293696442292,2.1880568734577,87.9999999999999,0.405465108107954,2.30088777606348,-0.397832758016114,88.7500000000001,4.99999999999999,0.804390755342342,119.5,-4.44089209850063e-16,2.01486512285221,-0.301105092784412
"13955-40",1.18585457632894,3.12402032437268,1.43326879440396,97.9999999464009,84.3750000000006,1.2527629684953,3.48093393190968,2.19498678067724,84,1.94463626870827,3.80574240917536,1.80333214603363,83.7499999999999,102.5,1.17865499634166,3.62376258818891,2.52848951129501,85.9999999999999,0.693147180559755,2.30088777606348,-0.640394395187426,85,15,1.31521637910834,119.5,1,2.70801230341215,0.058268908123549
"13955-96",1.04157724277102,2.69013234414313,1.4436101351059,97.3749999463261,93.1250000000006,0.693147774037158,2.73279646026907,2.28612831355079,84,1.50280351642923,3.40027730106719,1.28977054244876,92.5,100.5,1.09861228866812,3.31360765988507,2.50043155849986,85.4999999999999,1.09861228866794,1.60774059550353,NA,93.75,10,1.45207556182553,119.5,1.5,2.5256907466182,0.444685821260975
"13955-79",0.507522503744678,2.47164786646539,1.47303404354758,99.3749999463326,100.000000000001,0.405465108108207,2.86189472350346,2.00597623573249,87.5,1.09733840832107,3.40027730106719,2.62693221499101,95,100.5,0.693147180559956,2.70747185631475,1.71538301565609,88.4999999999999,0.693147180559754,1.60774059550354,0.502953787322076,105,4.99999999999999,1.41656887336862,121,-4.44089209850063e-16,2.30254719530399,-0.0408229845964282
"13955-10",1.41197877664108,3.6838535310976,2.34848008465688,100.749999946848,90.0000000000006,1.60943791243422,4.09403840479553,3.1568880238033,92,1.79048558888101,4.17346718930067,2.83119357858389,89.9999999999999,103.5,1.50407739677667,4.00675484044559,3.21965845184317,86.9999999999999,1.38629436111968,3.39950006473159,1.09766089506916,90.0000000000001,29.999999999999,2.44446563723855,120.5,1.5,2.99569437586393,0.832909122934614
"13955-67",1.3756111228712,2.97421525932064,1.6184381192895,98.4999999463326,83.7500000000006,1.50407739677629,2.99542611612798,2.31029762718824,87,1.94463626870827,4.09342448162714,1.81149545667279,80,101.5,1.32175583998233,3.4006190368747,2.58234868096774,85.9999999999999,1.25276296849518,1.60774059550354,0.364100355331898,87.5,15,1.77685175868356,119.5,1.5,2.70801230341215,0.760805829033303
"13955-125",0.74236210884623,2.52366237046037,1.47870057158724,99.7499999468642,96.2500000000006,-1.13020703906841e-13,2.7077440436762,2.05188593703657,89.5,1.38502048077285,3.21795574427325,1.7088413026127,99.9999999999999,102.5,0.810930216216325,3.48066174454823,2.58234868096774,87.9999999999999,0.693147180559734,2.52403132737769,0.564771050794049,92.5000000000001,-7.105427357601e-15,1.64211916471339,119,1.5,2.01486512285221,0.0198026272956899
"13955-87",1.21191236018032,3.57001656904564,2.27993548238479,102.430523374967,97.4632810426454,1.25276296849544,3.68857329668792,3.17789719989279,92.9999987238696,1.25148908814833,3.6234208523814,2.58655975970062,98.75,106.5,1.25276296849538,3.74892573114291,3.17718492928413,88.5847848922845,1.60943855890322,3.49706809164159,1.72490775947604,94.7903468729758,25,2.04115338249127,122,2.5,3.69758556332444,0.875469727430073
"13955-56",1.53503888977118,3.59458358350955,2.33398527943775,100.249999946379,92.5000000000006,1.25276296849535,3.86042355361458,2.77968225300969,90.5,2.01362914019522,4.09342448162714,3.056095114529,92.5,104,1.44691898293634,3.68830110932648,2.83283046973343,86.9999999999999,1.60943791243391,3.21717850793764,1.85749945012739,92.5,40,2.60353033186802,119.5,3.5,2.98702616434346,0.875467747277727
"13955-5",1.45849883092409,3.65687313953877,2.56846483864022,99.8749999464186,90.6250000000006,1.60943791243401,4.00702702780646,3.44138030088713,89.5,1.60816403208706,4.00641310463751,2.61734405094134,86.25,102,1.60943791243411,3.96023482481012,3.49938819610414,86.9999999999999,1.25276296849518,3.3995000647316,2.02082450623068,95,35,2.56607276933312,121,3.5,2.99569437586393,1.11841491596386
"13955-52",1.15128284953777,3.07908115798916,1.50090734951862,99.9999999463906,95.6250000000006,0.693146587082732,3.31387984724651,1.79782047538377,87,1.60816403208706,3.21795574427324,2.00994639539663,92.5,104.5,1.3862943611199,3.4006190368747,2.65806050270344,87.9999999999999,1.3862943611197,3.11181799227982,1.0980695304121,98.75,15,0.986712312136298,120.5,0.500000000000002,2.70801230341215,0.364643113587484
"13955-142",0.38235936748348,2.35842489609202,1.02377212512854,100.499999946687,94.3750000000006,0.916290731874007,2.7077440436762,2.21696568739602,88.5,0.691873300212902,2.70713012050725,1.79510164689711,91.25,105,0.693147180559956,2.30200674820659,1.03815129040204,86.9999999999999,-2.09166017839379e-13,1.60774059550354,-0.382565285885325,97.5,20,0.735397883855388,121.5,-4.44089209850063e-16,1.60940001474404,-0.223143551314699
"13955-178",0.897502358275669,3.14501984231697,1.93029213356568,100.499999946475,97.5000000000006,0.693146587082732,3.21856966744219,2.3819272833275,88.5,1.25148908814832,3.91110292483319,2.99824766324705,97.4999999999999,104,1.17865499634166,3.21829748008074,2.02553794395993,88.9999999999999,0.916290731873915,2.52403132737769,1.51455469900056,97.5000000000001,30,2.22883688242661,120.5,1,2.5256907466182,0.0392207131528209
"13955-144",1.90841573209074,4.04826082367511,2.93404961367284,99.6249999466291,86.2500000000005,1.94591014905516,3.80635633234431,3.4587995853592,88,2.07816766133279,4.00641310463751,2.75821287517765,83.75,101.5,1.94591014905532,4.38144828988642,4.24857040525202,87.9999999999999,1.70474809223821,3.47954277240513,1.86353737255167,88.75,90,3.07307429666071,121,7,4.09430666453205,2.13060982825374
"13955-160",1.07550656721823,2.87083094318887,1.56306039540333,99.2499999465283,96.2500000000006,1.25276296849524,2.99542611612798,2.03898253220066,89,1.09733840832107,3.4002773010672,2.07372860435236,95,100.5,1.25276296849538,3.31360765988507,2.60822812895556,87.9999999999999,1.25276296849516,2.70635288417165,0.369422394697554,97.5000000000001,15,1.60289845156012,119.5,1.5,2.01486512285221,0.350656871612752
"13955-130",0.694734069757215,2.41164223010808,1.42687303536973,100.874999946766,96.2500000000006,0.693147180559867,2.52542248688225,2.23313854664162,88.5,1.09733840832107,2.70713012050725,1.94807099167854,96.2499999999999,103,0.559615787935425,2.86162253614201,1.97183376498807,88.9999999999999,0.693147180559735,2.30088777606348,0.949240889950495,96.25,0,1.10860212974533,123,1.5,2.99569437586393,0.751416088683431
"13955-64",1.07550657417937,3.0326812593132,1.75757755830108,100.999999946361,96.8750000000006,0.405465108108185,3.40089122423614,2.32503990892544,89.5,1.50280351642923,3.55442798089445,1.76999572576604,91.2499999999999,102,1.25276296849538,3.6237625881889,2.83283046973343,89.9999999999999,0.916290731873965,2.30088777606348,1.37317282065702,102.5,10,1.57243924407541,122.5,3,2.86216298323941,0.841567185677763
"13955-115",1.37561110853246,3.25956824641589,1.77378855280748,98.3749999470354,74.3750000000006,1.50407739677619,3.48093393190968,3.00838308938877,86.5,2.01362914019522,3.55442798089445,2.00325740724583,69.9999999999999,100.5,1.44691898293632,3.80608414498286,2.72194777015469,86.9999999999999,1.0986122886679,3.11181799227981,0.954968686771427,78.7500000000001,25,1.04077953340657,119.5,1,2.30254719530399,0.198850858744674
"13955-15",1.07931761041528,3.46555940144383,2.04917050213766,102.374999946657,100.000000000001,1.09861288214532,3.58009432065628,2.79477765789418,93,0.915016851527113,3.21795574427324,2.35093937693685,98.75,106,1.3862943611199,3.62376258818891,2.99155211118651,88.4999999999999,1.25276296849516,3.11181799227981,0.90841889543024,101.25,55,2.18511407141278,122,2,3.21883792717814,0.662687973074786
"13955-154",0.852363047724587,3.09013206518657,1.77928111005909,99.7499999466144,100.625000000001,0.693147180559805,3.5550419040634,2.72887767737423,89.5,0.915016851527113,2.99481219295903,2.38838283111687,100,102,0.916290731874164,2.86162253614201,2.14259449938094,87.9999999999999,0.405465108107968,2.86050356399891,1.09766089506877,101.25,15,1.70725846688436,119.5,3.5,3.48120219164564,0.662687973074829
"13955-153",1.18585461034717,3.06070289487152,1.57331180384691,99.1249999466166,90.0000000000005,1.25276296849523,2.86189472350346,2.36332209549646,86.5,1.50280351642923,3.4002773010672,1.73550954969487,88.75,101.5,1.32175583998233,3.62376258818891,2.57859633134919,87.9999999999999,1.25276296849517,2.30088777606348,-0.117872731658243,91.2500000000001,20,1.61284878241328,120.5,1.5,3.11347741152032,0.576613364303587
"13955-108",1.81744394665511,3.9424541700912,2.69054861808516,95.9999999468481,84.4500000000006,1.94591014905519,4.09403840479609,3.82965916428989,81,1.94463626870827,4.09342448162714,2.86577915823367,83.8999999999999,98.9999999999999,1.87180217690159,4.05120660301584,3.50237773495251,84.9999999999999,1.60943791243389,3.47954277240513,1.25507327922176,85.0000000000001,69.9999999999999,2.75030090439765,119,6,3.68884155642388,1.66013102674913
"13955-75",0.618748142951227,2.99338320439046,1.32564249762066,96.6249999463337,90.0000000000006,0.916290731874208,3.48093393190968,2.53541941851455,83.5,0.915016851527113,3.21795574427324,2.10112757854047,90,99.5,0.916290731874166,3.21829748008074,1.74003215093075,83.9999999999999,0.693147180559754,2.70635288417165,-0.834550409628384,90,20,0.868929276479915,119.5,-4.44089209850063e-16,2.30254719530399,0.165514438477116
"13955-230",1.37561118024409,3.57609700902836,2.4803883738871,100.74999994644,91.8750000000006,1.09861228866807,4.05147879037729,3.09107480523388,87,1.50280351642923,3.44410106010044,3.31807910528301,97.4999999999999,104,1.44691898293634,3.86015136625314,3.13282707665373,89.4999999999999,1.60943791243391,3.11181799227982,1.99304494212361,86.25,45,2.16251423949554,122.5,3.5,3.11347741152032,1.35583515363475
"13955-128",1.06113178764803,3.20798828617742,1.08059953684379,94.4018817810589,86.8750000000006,0.693146587082732,2.68330394193529,0.195439434971578,81,1.25148908814833,3.68795937351898,1.98291772300871,84.9999999999999,95.1620967655268,1.32175583998232,3.21829748008074,1.56981100107088,81.9999999999999,1.25276296849516,2.70635288417165,0.56357840913851,88.75,50.9436159723453,1.61856519653592,118.5,1.5,2.86216298323941,0.113328685306513
"13955-197",1.44754869851458,3.56797631900037,1.96499952992756,99.4573415716613,94.3750000000006,1.38629376764268,3.98258692606555,2.6739151944293,87,2.01362914019522,4.09342448162714,2.34164535326518,93.7499999999999,102.162096765527,1.3862943611199,3.55476971670195,2.59721884344719,86.9999999999999,0.916290731873915,2.70635288417165,1.71934911164657,95.0000000000001,35,1.87292558877318,121.5,3.5,3.48120219164563,1.01523067972855
"13955-6",0.82850950370201,2.92356289411889,1.3235940278123,100.42961167636,90.0000000000006,0.693146587082732,2.97098601438707,1.69093308805646,88.5,1.09733840832107,3.21795574427324,1.81959266690541,86.25,102.162096765527,0.916290731874166,3.4006190368747,2.20458617540891,87.9999999999999,0.916290731873966,2.5240313273777,0.865859281011444,93.75,15,1.28818770672042,122.5,1.5,2.70801230341215,0.262364264467065
"13955-166",1.79132030918011,3.95270621793159,2.4350739861337,97.8749999464937,89.3750000000006,1.9459095555781,4.22374898288244,3.07290778803184,86.5,1.94463626870827,4.17346718930068,3.3074095428099,91.2499999999999,101,1.60943791243411,4.09376621743464,3.22951074828586,83.9999999999999,1.79175946922782,3.74780675899981,2.12481421975473,87.5000000000001,45,1.87292558877318,120,6,3.68884155642388,0.74193734472892
"13955-93",1.50968047378389,3.34218516771497,1.89560164073493,99.8749999463263,92.5000000000006,1.60943731895689,3.78191623060339,2.62770235127416,87,1.94463626870827,3.91110292483318,1.94019721172784,90,104,1.44691898293633,3.74892573114291,2.70221028731637,87.9999999999999,1.60943791243393,2.86050356399891,1.4810617826682,95,35,2.02816618696446,120.5,2,1.61814402164461,0.246861068007699
"13955-173",0.556575763474833,2.61283899209199,1.06912121751942,99.1249999464804,90.0000000000006,0.693146587082732,3.78191623060339,2.3926640123078,86.5,1.25148908814832,3.4002773010672,1.84349818775896,88.7499999999999,103,0.405465108108175,2.5251502995208,1.16948729246313,85.9999999999999,0.693147180559703,2.30088777606348,-0.0785042997257233,91.2500000000001,5,0.711300332276329,121,-4.44089209850063e-16,1.60940001474404,-0.0833816089395092
"13955-68",0.779719339430317,3.14075230126083,1.73002432882842,100.124090322574,98.7500000000006,0.693146587082732,3.53060180232249,2.20520105601343,91,1.09733840832107,3.48032000874073,2.31251708034216,98.75,101.162096765527,0.916290731874166,3.31360765988507,1.98689222886227,86.9999999999999,0.693147180559755,2.0132057036117,-0.834550409628384,98.75,45,2.48252519906268,120.5,1.5,2.5256907466182,0.66268797307478
"13955-131",1.56817665054246,3.98553273627458,2.86992002647883,100.374999946723,91.8750000000006,1.60943731895689,4.22374898288243,3.72405984755518,90,2.13879228314923,4.28266648126567,3.33439675235484,90,103.5,1.6094379124341,3.80608414498286,3.40032848059834,86.9999999999999,1.50407739677606,3.74780675899981,1.73769825031476,93.75,85,3.20832834259668,121,1.5,3.4011594839721,1.61740608208279
"13955-25",1.21797429967248,2.73158234276257,1.37998632234907,99.1249999464221,96.2500000000006,1.38629376764268,3.37645112249523,1.74136394168336,87,0.915016851527111,3.21795574427324,2.05974236237762,96.2499999999999,102,1.3862943611199,2.86162253614201,1.74003215093075,86.9999999999999,1.60943791243391,2.30088777606348,1.01105815342247,96.25,10,1.60289845156012,120.5,2,2.30254719530399,0.553885113226008
"13955-148",1.00286286290014,2.84414274993868,1.27752160729396,96.8749999466444,86.8750000000006,0.693146587082733,2.68330394193529,1.41467971142831,83.5,1.60816403208706,3.85980963044564,1.69979146709279,88.75,100.5,1.09861228866812,3.62376258818891,2.35639218827692,82.9999999999999,0.693147180559735,2.52403132737769,0.810387457960319,85.0000000000001,5,1.02307995630717,120.5,1.5,2.29387898378352,0.470002639169563
"13955-141",1.50968049634778,3.65033209102681,2.32088617780711,99.7499999467012,96.2500000000005,1.38629376764268,3.66413319494701,2.73643555141063,88.5,1.79048558888101,4.05086486720835,2.251584529347,90,102,1.55814461804656,3.86015136625314,2.91935581998203,87.4999999999999,1.50407739677606,3.39950006473159,2.10967044209058,102.5,50,2.8670251787058,121,3.5,2.99569437586393,1.05779029414736
"13955-16",1.13389118022932,3.10122871521862,1.66876885713955,100.624999946544,91.2500000000006,1.0986116951909,3.53060180232249,2.49802452796563,89.5,0.915016851527113,2.99481219295903,1.97604484372095,91.25,105.5,1.32175583998233,3.48066174454823,2.25259539459527,87.9999999999999,1.38629436111968,3.21717850793764,1.84123892925561,91.2500000000001,10,1.35443709226162,119.5,2.5,2.99569437586393,0.609765571620477
"13955-170",1.39490493695347,2.83456807316706,1.80095829555444,97.374999946497,87.5000000000005,1.0986116951909,2.68330394193529,2.1413495840269,82.5,1.94463626870827,3.80574240917536,1.71780997259547,83.7499999999999,101.5,1.50407739677628,3.68830110932648,2.89773335596886,85.9999999999999,1.25276296849513,2.70635288417165,1.46963308684458,91.2500000000001,4.99999999999999,2.05397407092033,119.5,2,2.01486512285221,0.277631736597822
"13955-21",0.646187937413948,2.3486945570327,1.06591047170974,97.4999999464625,94.3750000000006,0.693146587082732,2.97098601438707,1.6735413453446,85,0.915016851527111,2.86128080033451,1.46521921995495,93.7499999999999,102.5,1.01160091167849,3.21829748008074,1.74869021367386,83.4999999999999,0.693147180559756,2.0132057036117,0.29531442254383,95.0000000000001,0,1.23183477016928,119,0.500000000000001,2.01486512285221,0.262364264467064
"13955-51",1.28049463932906,3.34187526989287,2.13531628951333,101.874999946402,96.2500000000006,1.0986116951909,3.37645112249523,2.99178224321947,91,1.38502048077285,3.31326592407757,2.04916710854991,96.25,106.5,1.50407739677629,3.74892573114291,3.2314696127712,86.9999999999999,1.25276296849518,2.99403495662343,0.992709014754273,96.25,55,2.36836629369968,123,3,2.5256907466182,0.908258560176465
"13955-31",1.44754871178059,3.30036977828374,2.16279375890953,95.8749999464208,88.7500000000006,1.60943731895689,3.66413319494701,2.60030337708605,82,1.79048558888101,4.1342464761474,2.84048760225555,88.7499999999999,100.5,1.50407739677629,3.86015136625314,3.11099214805053,82.9999999999999,1.3862943611197,2.70635288417165,0.915747973618144,88.75,20,2.42707389452646,118,2.5,2.30254719530399,0.683096844706012
"13955-198",1.0226654804869,2.92760122797806,1.31727650210592,99.6249999464318,91.2500000000006,1.0986116951909,3.37645112249523,1.93455517071422,89,1.70347421189138,3.62342085238141,1.87450842450152,91.2499999999999,103.5,1.01160091167849,2.99515392876653,2.24737345061412,86.9999999999999,0.916290731873916,2.30088777606348,0.404922349852153,91.2500000000001,15,1.0050614508045,119,0.500000000000001,2.5256907466182,0.364643113587401
"13955-192",1.12438456945698,3.02116232492223,1.89594479110719,101.467582853497,NA,0.693146587082732,2.97098601438707,1.82014481953647,NA,NA,NA,NA,NA,104.5,1.3862943611199,3.68830110932648,3.01612337191702,NA,NA,NA,NA,NA,15,2.23417022840197,NA,NA,2.71675631031271,0.148420995194446
"13955-83",1.02266547455526,3.04478512842718,1.47345757784529,97.8749999463523,83.7500000000006,0.693146587082732,3.37645112249523,2.69308511053702,85.5,1.60816403208706,3.48032000874073,1.49912077163063,81.25,101,1.17865499634166,3.31360765988507,2.26809958113124,85.9999999999999,1.09861228866792,2.52403132737769,0.215271714870294,86.25,15,1.40444751283628,119,0.500000000000001,2.86216298323941,0.364643113587493
"13955-34",1.3109272643701,3.03881672466005,1.65996943492393,101.962754238223,NA,1.0986116951909,3.37645112249523,2.5431449632461,NA,NA,NA,NA,NA,105.5,1.25276296849538,3.48066174454823,2.39777740443977,NA,NA,NA,NA,NA,15,1.67055710003393,122.5,3.5,NA,NA
"13955-100",0.617200378087389,2.45600378830378,1.30667666700777,99.124999946848,97.5000000000006,-5.93477211818794e-07,2.68330394193529,1.31936953162398,87.5,1.25148908814833,2.99481219295902,1.96215573156028,98.7499999999999,102.5,0.916290731874151,3.4006190368747,2.43317933149068,87.4999999999999,0.405465108107954,2.0132057036117,0.0127474507588203,96.2500000000001,0,1.24622350762138,119,0.500000000000002,2.5256907466182,-0.0833816089395412
"13955-124",0.91948125513106,2.30814778513249,0.800624292080962,96.6249999468136,90.6750000000006,0.693146587082732,1.58469165326718,0.926326943514378,82.5,1.50280351642923,3.21795574427324,1.48794747103251,88.8499999999999,100.5,0.916290731874151,2.86162253614201,1.54897691416804,82.9999999999999,0.916290731873945,2.52403132737769,-0.128376129765894,92.5000000000001,-7.105427357601e-15,0.968020179124145,120.5,1,2.30254719530399,-0.105360515658317
"13955-200",0.873591342780421,3.14653032873737,1.85059379052868,100.213734423098,92.5025974200896,0.693146587082732,3.53060180232249,2.17378485978005,90.0000004253768,0.996512744529805,3.61534357517465,2.23041971815495,94.1092414847184,105,1.17865499634166,3.68830110932648,2.71212772397372,86.4152151077152,0.847297644897311,2.92661901412239,1.9275670127441,90.9032177090081,10,1.40444751283628,119.75,1.75,2.70511454289404,0.572860684659617
"13955-105",1.47286652413751,3.37743155307473,2.45722966112779,100.374999946848,88.1250000000006,1.38629376764268,3.53060180232249,3.01038743105051,88,1.79048558888101,4.00641310463751,3.02517707512568,88.7499999999999,105,1.50407739677627,3.91144466064069,3.40855897973485,85.9999999999999,1.38629436111968,2.52403132737769,1.62869778147427,87.5000000000001,45,2.42707389452646,122.5,3.5,2.30254719530399,1.11185751541764
"13955-174",0.962040899683162,2.93036743555364,1.7639992438812,98.7499999464807,95.6250000000006,0.693146587082732,2.68330394193529,1.97429549936373,84,1.09733840832107,3.74858399533541,2.39218233547089,96.2499999999999,104,1.25276296849538,3.48066174454823,2.72844129946524,85.9999999999999,0.916290731873914,1.60774059550354,-0.106311909257168,95.0000000000001,15,2.04758427282156,121,2,2.99569437586393,0.587786664901659
"13955-110",1.24972296866151,3.27547389143682,1.52944687374015,97.249999946848,94.3750000000006,1.0986116951909,3.19412956570128,1.80487734740568,85.5,1.60816403208706,4.00641310463751,2.11730491371712,96.2499999999999,101,0.916290731874148,3.4006190368747,2.21003578017648,83.9999999999999,1.50407739677606,3.68718213718337,0.949240889950495,92.5000000000001,10,1.67055710003393,118.5,2.5,2.86216298323941,0.6523251860392
"13955-32",1.04208358575451,2.61432752686216,1.07120745021829,100.499999946439,95.0000000000006,1.0986116951909,1.58469165326717,0.849365902378249,90,1.50280351642923,3.68795937351898,1.53191059445363,91.2499999999999,104.5,1.09861228866812,3.21829748008074,2.08885022337426,85.9999999999999,1.09861228866792,2.52403132737769,0.674804044248735,98.75,5,1.12486265061712,121.5,1,2.30254719530399,0.113328685306571
"13955-JAMESTOWN",1.04129268665239,2.57886731465375,0.545735602073514,92.2108056446318,82.5000000000006,NA,NA,NA,80.1,1.61378459955498,3.36637574939151,0.888081388506906,80.25,NA,NA,NA,NA,82.1999999999999,0.955511445027259,1.87010485997103,-0.393585346365619,84.75,NA,NA,111.3,0.9,2.01486512285221,-0.452556715642489
"13955-NCAG11",1.68076344921763,3.77139945054033,2.17302426989654,100.677472311298,98.5000000000006,NA,NA,NA,90.9,1.83927575305044,4.21120751728352,2.54686688832871,96.25,NA,NA,NA,NA,88.1999999999999,1.60943791243397,3.44829022890103,1.71190411525108,100.75,NA,NA,119.9,4.6,3.19863521986062,0.551583616237729
"13955-AGS-2026",1.80225802427061,3.83927781751263,2.09582364014545,93.7476266450663,83.4818020142192,NA,NA,NA,82.6,2.0399464485126,4.2475751614544,2.51112564211081,82.5,NA,NA,NA,NA,NA,NA,NA,NA,NA,NA,NA,114.3,4.2,3.38435236565572,0.817133160340467
"13955-73",1.27391628832259,3.83064312130484,2.25147164611027,97.3749999463255,103.750000000001,NA,NA,NA,85,1.50280351642923,4.00641310463751,2.54838718619559,100,101,1.3862943611199,3.74892573114291,3.15419541105943,84.9999999999999,1.25276296849518,3.47954277240513,NA,107.5,89.0563840276547,2.35431454024404,118.5,2.5,3.31414810698247,0.963174317772548
"13955-1",1.35679122363243,3.51588567192823,2.17630026674749,98.510805643601,86.8750000000987,NA,NA,NA,87.0000000000009,1.38502048077247,3.91110292483081,2.7387049079457,87.500000000001,NA,NA,NA,NA,85.5,1.50407739677616,2.93745230370389,NA,86.2499999999987,NA,NA,120.000000000004,3.00000000000002,3.21883792717664,0.553885113226204
"13955-8",1.05451038102443,3.34770767933926,2.08157964445631,97.6774723112984,91.2500000000006,NA,NA,NA,83.5,0.691873300212902,3.55442798089445,2.34035726760631,92.5,NA,NA,NA,NA,86.9999999999999,1.25276296849518,2.70635288417165,1.22687262654877,90,NA,NA,119.5,3,3.31414810698247,1.06471073699201
"13955-9",1.80481595512125,4.01180289016514,2.66916157703578,99.5108056446318,85.0000000000006,NA,NA,NA,87,1.94463626870827,4.09342448162714,2.77379622775688,86.25,NA,NA,NA,NA,86.9999999999999,1.79175946922792,3.80496517283976,2.24122457159914,83.75,NA,NA,121.5,5,3.68884155642388,1.44926916028086
"13955-17",1.21702926426029,3.64265747629874,2.3688736698963,100.344138977965,98.7500000000006,NA,NA,NA,91.5,1.38502048077285,3.80574240917536,2.75990711559621,97.4999999999999,NA,NA,NA,NA,84.9999999999999,1.25276296849513,3.55365074455885,1.93505768447326,100,NA,NA,121.5,2.5,3.11347741152032,0.693147180559488
"13955-133",1.39935078683503,3.65315809313494,2.28869418563139,98.0108056446317,91.8750000000006,NA,NA,NA,85,1.70347421189138,3.91110292483319,2.57618597844783,90,NA,NA,NA,NA,85.9999999999999,1.50407739677606,3.47954277240513,1.41924451919623,93.75,NA,NA,120,2,3.11347741152032,1.24126858906914
"13955-183",NA,NA,NA,98.0124612463026,NA,NA,NA,NA,NA,NA,NA,NA,NA,NA,NA,NA,NA,85.5847848922845,NA,NA,NA,NA,NA,NA,NA,NA,NA,NA
"13955-208",1.39935089421959,3.80045690722155,2.28555549928078,101.010805644632,96.8750000000006,NA,NA,NA,90,1.09733840832107,3.68795937351898,2.17908912001019,96.2499999999999,NA,NA,NA,NA,88.9999999999999,1.50407739677608,3.97030297527587,2.06109840536862,97.5000000000001,NA,NA,121,4.5,3.31414810698247,1.09192330051688
