"df","Type III SS","LOD","%var","F value","Pvalue(Chi2)","Pvalue(F)","name","est_effect","trait","chr","start_marker","start","mid_marker","mid_pos","stop_marker","stop"
1,1.26161110993967,5.90060645442989,7.81342163496416,28.1067069957025,1.86010149505478e-07,3.83680806015363e-07,"MQM1_7D-pos-117.976489358444",0.0879788962319872,"VR_ME","7D","S7D_109518691",101.002330371417,"S7D_527727944",117.976489358444,"S7D_527727944 ",117.976489358444
1,0.805276523515146,3.87669099517415,4.9872460391244,17.9402916783449,2.38665097344049e-05,3.87081506414422e-05,"IM_2A-pos-0.826177651049908",-0.0710316888338093,"VR_ME","2A","S2A_39571861",0,"S2A_42194544",0.826177651049908,"S2A_49933089",12.0634863345608
1,1.13212796579489,5.33785065397075,7.01150542492665,25.2220266336741,7.12245338374551e-07,1.37421548507266e-06,"IM_2B-pos-66",-0.0868348194873133,"VR_ME","2B","S2B_30096911",35.0425202689008,"S2B_88840352",67.8512463675384,"S2B_195530340",86.0616015059632
1,1.11587574695158,5.26658728690045,6.91085203235109,24.8599528143649,8.4452129567314e-07,1.61570198420335e-06,"IM_3B-pos-56.1852803332611",-0.0839621576524895,"VR_ME","3B","S3B_43407376",43.6681632017502,"c3B.loc58",58,"S3B_683106242",93.0085870312429
1,0.718789664673348,3.47987816499952,4.45161482226954,16.0135007827246,6.24973404005358e-05,9.66855386443921e-05,"IM_4A-pos-131.28228541623",-0.0667196396215017,"VR_ME","4A","S4A_645662033",105.803796062277,"S4A_714190461",133.311452619363,"S4A_744433737",148.649052045629
1,1.10489043060944,5.2183380330138,6.84281766922732,24.6152172811637,9.4780603376865e-07,1.80294331220132e-06,"IM_5A-pos-60",-0.0858054659937739,"VR_ME","5A","S5A_400505663",50.9457355594207,"S5A_450169210",57.8903154867162,"S5A_446603205",57.8903174867162
1,1.3877883101718,6.44061985109108,8.59486344247966,30.9177361381392,5.14823388364505e-08,1.13217594077675e-07,"IM_6A-pos-28.4783376709827",-0.0941066388821094,"VR_ME","6A","S6A_51905322",18.4925740973194,"S6A_459678701",32.3747597537843,"S6A_584998514",47.1307708756158
1,1.84960726964475,7.08082749409292,6.95414880801273,33.8686648515745,1.12725592193996e-08,3.27876784611547e-08,"MQM1_7A-pos-50",-0.111649011395499,"FDK_ME","7A","S7A_20171492",34.6806170601417,"S7A_29260327",47.4104503252948,"S7A_36545685",62.0597250885894
1,1.63804063156932,6.33825863557731,6.15870108884905,29.9946102474708,6.56590100067689e-08,1.71286551275962e-07,"MQM1_7D-pos-117.151006606279",0.101166797679392,"FDK_ME","7D","S7D_109518691",101.002330371417,"S7D_527727944",117.976489358444,"S7D_527727944 ",117.976489358444
1,2.43673534723293,9.06442026294427,9.16163149253683,44.6197277453761,1.04083741625516e-10,4.04777544815715e-10,"IM_1A-pos-88",-0.127577140752821,"FDK_ME","1A","S1A_303728193",61.7518472753804,"S1A_544495389",99.5578934228489,"S1A_544915041",99.5578994228489
1,1.57638508691057,6.11892841687417,5.92688872552588,28.8656186974485,1.10614809978316e-07,2.79433650662853e-07,"IM_2A-pos-0.826177651049908",-0.0999077340788574,"FDK_ME","2A","S2A_39571861",0,"S2A_42194544",0.826177651049908,"S2A_49933089",12.0634863345608
1,1.99197356974994,7.5719885976533,7.48941726874269,36.475573130729,3.5241659590568e-09,1.10151765486677e-08,"IM_3A-pos-142",-0.115490990751764,"FDK_ME","3A","S3A_550540580",75.5495921556216,"S3A_711253732",136.151829073283,"S3A_717289076",155.438057270876
1,1.08234201982694,4.31120949466685,4.06938683177174,19.8190609033104,8.35940523236101e-06,1.61972702167335e-05,"IM_3B-pos-44",-0.084615433017758,"FDK_ME","3B","S3B_28626542",28.0101876459391,"c3B.loc52",52,"S3B_598189152",75.5787871483183
1,1.46817433064026,5.73070883369083,5.52003819347976,26.8841419279727,2.7885265763139e-07,6.65454676473942e-07,"IM_4A-pos-134.716818835202",-0.0972414568174758,"FDK_ME","4A","S4A_634844017",100.139264274308,"c4A.loc118",118,"S4A_738816779",145.317344092569
1,1.73599160579654,6.68396678029389,6.52697691791018,31.78821734041,2.88881352172865e-08,7.92780945335636e-08,"IM_5A-pos-64",-0.108534264482606,"FDK_ME","5A","S5A_33931364",43.034188230787,"c5A.loc64",64,"S5A_565398445",115.01959636187
1,0.995826900707676,3.98504604754295,3.74410750227717,18.2348588826256,1.83643932407662e-05,3.39178765271786e-05,"IM_6A-pos-24",-0.0813526734656647,"FDK_ME","6A","S6A_25317042",9.02757838344931,"S6A_73682194",22.4061513251056,"S6A_584998514",47.1307708756158
1,1.07766137651135,3.4822486003939,3.05920082250682,15.7187383965732,6.2138052745131e-05,0.000112218941037634,"MQM4_5B-pos-148",-0.085208637152085,"DON_ME","5B","S5B_585398903",137.36144098762,"c5B.loc146",146,"S5B_654490073",164.082652684181
1,1.48841601570535,4.72524879626364,4.22522658668392,21.7099939610723,3.08882593980098e-06,6.81398156454627e-06,"MQM3_7A-pos-44.3737090839495",-0.0972077837269281,"DON_ME","7A","S7A_3623610",1.59655724058947,"S7A_30064864",44.3737110839495,"S7A_36545685",62.0597250885894
1,1.57737675382106,4.98886789487389,4.47776302266105,23.0075727743111,1.64157257609432e-06,3.77811971608022e-06,"MQM2_7A-pos-137.754018824465",-0.0995016354547798,"DON_ME","7A","S7A_12454707",23.4457344668847,"S7A_365105235",137.754018824465,"S7A_652539616",159.783570135021
1,2.19701420408979,6.77313882820356,6.23675284899651,32.0455871207325,2.33792690762513e-08,7.16663555166974e-08,"MQM1_5A-pos-172",-0.121846981802504,"DON_ME","5A","S5A_570192258",126.570062664961,"c5A.loc172",172,"S5A_653953195",180.741343465307
1,1.42045838536403,4.52255368835834,4.03231252001412,20.7187658845458,5.02658753198659e-06,1.07330364946812e-05,"MQM1_7D-pos-117.976489358444",0.0946119621522294,"DON_ME","7D","S7D_194129833",108.648466603622,"S7D_517502398",117.151006606279,"S7D_527727944",117.976489358444
1,2.05359331793603,6.36798511882687,5.8296181938541,29.9536541265728,6.11803113725884e-08,1.75731067031393e-07,"IM_1A-pos-88.0988181493231",-0.11699227818693,"DON_ME","1A","S1A_303728193",61.7518472753804,"S1A_510281396",83.011800849266,"S1A_544915041",99.5578994228489
1,2.3361718525913,7.16191798026413,6.6317852794359,34.0753366509223,9.30231924822778e-09,3.03511162869086e-08,"IM_2B-pos-83.8302886177628",-0.121145923019868,"DON_ME","2B","S2B_58826958",62.2488757857455,"S2B_159489983",83.8302886177628,"S2B_722631218",110.300451123056
1,2.94656948976219,8.81910810450645,8.36454567559521,42.9785793445,1.85521042972425e-10,7.89633247677557e-10,"IM_3A-pos-136",-0.138124814126465,"DON_ME","3A","S3A_698524686",128.162827118478,"S3A_711253732",136.151829073283,"S3A_716071855",146.119141777746
1,1.83144246813519,5.73123865470578,5.19898961492946,26.7133681065801,2.78500632111545e-07,7.22190631186059e-07,"IM_4A-pos-116",-0.110350019716923,"DON_ME","4A","S4A_634844017",100.139264274308,"c4A.loc110",110,"S4A_703941623",127.247451492034
1,2.77113274328752,8.35060604519339,7.86652630623574,40.4196639160669,5.60032353824624e-10,2.21113893861258e-09,"IM_5A-pos-70",-0.134146708381819,"DON_ME","5A","S5A_414754385",54.9626515483338,"c5A.loc74",74,"S5A_650459010",177.930224136387
1,72.2769258219407,10.1202869628905,12.4106223608939,51.8610648952906,8.68094485184656e-12,2.19988471883426e-11,"MQM1_5A-pos-208",-0.684052080587646,"HD_ME","5A","S5A_673738365",200.087108945874,"c5A.loc208",208,"S5A_690193982",217.651663218164
1,29.3613510302676,4.45884964520682,5.04161785380859,21.0677323900774,5.85887007764629e-06,8.91685898207761e-06,"IM_4A-pos-72",-0.4885695669692,"HD_ME","4A","S4A_603050415",51.9946611040532,"c4A.loc82",82,"S4A_695721444",114.37354641508
1,101.910836320102,13.5678181423345,17.4990412177674,73.1243676432865,2.66453525910038e-15,9.32587340685131e-15,"IM_5A-pos-125.009416001515",-0.804539210747364,"HD_ME","5A","S5A_574743604",130.492439501866,"c5A.loc138",138,"S5A_595393566",143.235574203031
1,12.253673347859,1.9283338462286,2.10407001577071,8.79241253653457,0.0028826329805679,0.00348813436476336,"IM_6D-pos-77.6670227716932",0.277140559693135,"HD_ME","6D","S6D_38817192",61.1712600039618,"c6D.loc82",82,"S6D_455457951",107.639488941703
1,66.2181587491695,9.37292382044962,11.3702755384789,47.513700798476,5.0340731583276e-11,1.19279586208165e-10,"IM_7B-pos-26",-0.653704480917177,"HD_ME","7B","S7B_3366051",11.3978456946467,"c7B.loc30",30,"S7B_24421543",53.69090083096
1,419.158255952152,3.94101249690415,8.0028881290185,18.8446545787625,2.04273103096009e-05,2.50605520721869e-05,"IM_4A-pos-72",-1.82330386589246,"PH_ME","4A","S4A_603050415",51.9946611040532,"c4A.loc74",74,"S4A_636123939",100.139262274308
1,1164.55349363583,10.0200442155175,22.2345407670774,52.3563785620946,1.09872111409004e-11,1.81878956340142e-11,"IM_6A-pos-32.3747557537843",2.68442213123808,"PH_ME","6A","S6A_67125288",21.7224993781421,"c6A.loc34",34,"S6A_584998514",47.1307708756158
1,1.75593520574011,3.58110451868528,6.44855009968472,16.715905781685,4.88661992273931e-05,6.91318399141938e-05,"MQM1_2B-pos-67.8512463675384",-0.105369740474096,"VR_KIN19","2B","S2B_32138311",38.3709387239786,"S2B_88840352",67.8512463675384,"S2B_653624751",104.417472749932
1,1.75661560911283,3.58242423967602,6.45104883381946,16.722382990317,4.87098116198625e-05,6.89189744285112e-05,"MQM1_7D-pos-117.151006606279",0.104548121566297,"VR_KIN19","7D","S7D_109518691",101.002330371417,"S7D_517502398",117.151006606279,"S7D_527727944",117.976489358444
1,2.00763755281957,4.06598300795932,7.37290948950969,19.1120264956243,1.510260220694e-05,2.23414016899959e-05,"IM_3B-pos-46.1256843247453",-0.11187759194782,"VR_KIN19","3B","S3B_28626542",28.0101876459391,"S3B_54305072",46.1256843247453,"S3B_678547278",88.59176766713
1,1.61125539479624,3.29935767636552,5.91722354148681,15.3386032022141,9.7005846775966e-05,0.000133718204047728,"IM_5A-pos-57.8903174867162",-0.103111186619949,"VR_KIN19","5A","S5A_33931364",43.034188230787,"S5A_446603205",57.8903174867162,"S5A_444036795",57.8903194867162
1,2.37406910941671,4.76020949876232,8.71860393375669,22.6003302527851,2.84022745256074e-06,4.47858785201927e-06,"IM_6A-pos-32.3747557537843",-0.124512525413993,"VR_KIN19","6A","S6A_51905322",18.4925740973194,"c6A.loc24",24,"S6A_584998514",47.1307708756158
1,3.81482082604191,3.33204344535658,7.32519544580271,15.6952485472739,8.95753022545076e-05,0.000112081584063284,"MQM1_5A-pos-172",-0.15937513671699,"FDK_KIN19","5A","S5A_613486033",157.968691636777,"c5A.loc172",172,"S5A_673738365",200.087108945874
1,5.52960361028157,4.73336741686895,10.6179107827603,22.7503484406947,3.02921647965526e-06,4.14406463944417e-06,"IM_3A-pos-140",-0.190965253476484,"FDK_KIN19","3A","S3A_696059717",123.804979123102,"c3A.loc140",140,"S3A_717289076",155.438057270876
1,4.22762298735218,3.67449113630752,8.11785561254112,17.3936330371528,3.89546016312803e-05,4.98179421419831e-05,"IM_6A-pos-22.4061513251056",-0.162601901307376,"FDK_KIN19","6A","S6A_22029229",0,"S6A_73995779",22.4061493251056,"S6A_584998514",47.1307708756158
1,9.37323173321051,5.32235394230209,10.9901566180365,25.8000484169571,7.39119035753077e-07,1.04970738212806e-06,"IM_3A-pos-135.841816973159",-0.241228073061982,"DON_KIN19","3A","S3A_696059717",123.804979123102,"c3A.loc140",140,"S3A_716071855",146.119141777746
1,8.31166879751568,4.7582319545998,9.74546927270477,22.8780706063015,2.85373793507127e-06,3.91018148704347e-06,"IM_4A-pos-103.621112897745",-0.226701914297907,"DON_KIN19","4A","S4A_634844017",100.139264274308,"S4A_648906613",103.621112897745,"S4A_703941623",127.247451492034
1,9.93545429747871,5.61752052106924,11.6493651185165,27.347579705214,3.65269541613422e-07,5.28578947278646e-07,"IM_5A-pos-172",-0.257822064038386,"DON_KIN19","5A","S5A_477453719",73.4714679184721,"c5A.loc170",170,"S5A_653953195",180.741343465307
1,96.5561019366009,4.63435663568051,7.47377931961956,22.2483784488098,3.84220542104519e-06,5.23317102407717e-06,"MQM1_5A-pos-208",-0.795025869025237,"HD_KIN20","5A","S5A_680218556",203.440718147595,"c5A.loc208",208,"S5A_690193982",217.651663218164
1,300.579364203149,12.787023446567,23.2658919636268,69.2592525440315,1.66533453693773e-14,3.81916720471054e-14,"IM_5A-pos-125.009416001515",-1.38371413915454,"HD_KIN20","5A","S5A_568234305",121.91477115264,"S5A_585239531",139.97101378962,"S5A_595393566",143.235574203031
1,134.133178069972,6.28484160940746,10.3823761753808,30.9068577582161,7.45487283015933e-08,1.12833450582883e-07,"IM_7B-pos-26",-0.92924786178955,"HD_KIN20","7B","S7B_3366051",11.3978456946467,"c7B.loc32",32,"S7B_24421543",53.69090083096
1,2.41653479536309,3.58451094908725,6.97292894041519,16.7326250814242,4.84635617438167e-05,6.85837414423629e-05,"MQM1_1A-pos-52",-0.129061640759004,"FDK_KIN20","1A","S1A_16933262",25.0695524519026,"c1A.loc52",52,"S1A_498809683",75.8981020986379
1,1.50268152332516,2.27128416065046,4.33599859696902,10.4049015122107,0.0012201038654529,0.00152947016326244,"IM_2A-pos-6.97494230093245",-0.0981529808914375,"FDK_KIN20","2A","S2A_39571861",0,"S2A_42194544",0.826177651049908,"S2A_52509083",18.6942987641197
1,1.92705289028393,2.88717943754054,5.56052530017577,13.3433433638397,0.000265979662106508,0.000352960172203209,"IM_3A-pos-75.5495921556216",-0.112719287036567,"FDK_KIN20","3A","S3A_37834464",52.1182673003356,"S3A_143493411",76.2510066507796,"S3A_714415200",143.47915983815
1,1.54094098853299,2.32725222217227,4.4463965654586,10.6698185696298,0.0010613313057215,0.00133735368082577,"IM_3B-pos-50",-0.100655279834633,"FDK_KIN20","3B","S3B_28626542",28.0101876459391,"c3B.loc50",50,"S3B_553574029",72.8832256734629
1,2.99426850530495,4.3902725624484,8.63998381321775,20.73298194941,6.91014024800651e-06,1.05317974260499e-05,"IM_4A-pos-134.716816835202",-0.137343774317914,"FDK_KIN20","4A","S4A_645662033",105.803796062277,"S4A_714190461",133.311452619363,"S4A_744433737",148.649052045629
1,3.7323999695557,4.61779702303859,8.26403703224749,22.0185142985531,3.99813509976976e-06,5.8124204939114e-06,"MQM1_1A-pos-88.0988181493231",-0.154108579584678,"DON_KIN20","1A","S1A_16933262",25.0695524519026,"S1A_530258857",88.0988181493231,"S1A_544915041",99.5578994228489
1,7.60155057704785,8.84312214468402,16.8308584245069,44.8437604321991,1.75313208394812e-10,3.53753470960783e-10,"IM_3A-pos-136.151829073283",-0.21849045751659,"DON_KIN20","3A","S3A_702961747",133.66147698416,"S3A_711253732",136.151829073283,"S3A_714415200",143.47915983815
1,3.96894500875245,4.89111020529258,8.78777965888488,23.4139623668976,2.07491791504033e-06,3.08126894266181e-06,"IM_4B-pos-15.9788198695977",-0.160194374057778,"DON_KIN20","4B","S4B_131355663",6.7886796380305,"S4B_578521153",15.9788198695977,"S4B_642729326",34.2688827642595
1,3.70102366307241,4.58138458405963,8.19456565703904,21.8334163298002,4.36370660183982e-06,6.32594269500686e-06,"IM_7D-pos-117.151006606279",0.152510368276556,"DON_KIN20","7D","S7D_213740699",109.60853116103,"S7D_527727944",117.976489358444,"S7D_527727944 ",117.976489358444
1,563.172299830706,5.04907337778246,8.11320236144014,24.0720727349259,1.42114256340697e-06,2.30120379063337e-06,"MQM2_5A-pos-192",-1.93368332494261,"PH_KIN20","5A","S5A_653953195",180.741343465307,"S5A_672760716",193.189788381563,"S5A_680498551",203.440712147595
1,592.87195190941,5.29635739488627,8.54106304892659,25.3415460120304,7.86504208538652e-07,1.30282166677098e-06,"MQM1_1B-pos-84.5693069728455",-1.95607866831316,"PH_KIN20","1B","S1B_637367698",72.5286359847645,"S1B_641140644",84.1227208445828,"S1B_689783559",148.35255385814
1,355.752260073186,3.27214821466272,5.12505689179151,15.2061709758636,0.000103662620676293,0.000142536229680523,"MQM1_4A-pos-88",-1.61146576608129,"PH_KIN20","4A","S4A_595847822",44.8370703801929,"c4A.loc66",66,"S4A_636123939",100.139262274308
1,399.111702506829,3.65104637613227,5.74970396844835,17.0595143528767,4.12347585597717e-05,5.87125759219376e-05,"MQM1_7D-pos-117.976489358444",-1.58846668520436,"PH_KIN20","7D","S7D_78865384",83.2653117739007,"S7D_527727944",117.976489358444,"S7D_527727944 ",117.976489358444
1,1549.13731727376,12.4552720778793,22.3172633747765,66.2158742342475,3.63042929052426e-14,1.15907283770866e-13,"IM_6A-pos-32.3747557537843",3.10218142680108,"PH_KIN20","6A","S6A_67125288",21.7224993781421,"c6A.loc34",34,"S6A_584998514",47.1307708756158
1,62.2128217842542,4.93543786028667,7.14347331440882,23.4869297014409,1.86576958260964e-06,2.98120659059098e-06,"MQM1_5A-pos-202.992065130324",-0.641962311152936,"HD_RAL19","5A","S5A_666261308",188.011944993681,"S5A_680355005",202.992065130324,"S5A_698127281",224.23734099798
1,41.1398037225419,3.33910567170845,4.72380261212287,15.5313269877589,8.80466097888943e-05,0.000121572903292289,"IM_4A-pos-110",-0.557603774075738,"HD_RAL19","4A","S4A_603050415",51.9946611040532,"c4A.loc80",80,"S4A_703941623",127.247451492034
1,154.135579798783,11.1666578615761,17.6983356407121,58.1901193901656,7.4407147110378e-13,2.09754436042431e-12,"IM_5A-pos-125.009416001515",-1.00378510860058,"HD_RAL19","5A","S5A_568234305",121.91477115264,"S5A_584821782",137.739283488219,"S5A_595393566",143.235574203031
1,15.2460687045243,1.27424328492328,1.75060191479656,5.7557804583802,0.0154176204682658,0.0175992054775369,"IM_6D-pos-77.6670227716932",0.322078830231662,"HD_RAL19","6D","S6D_38817192",61.1712600039618,"c6D.loc84",84,"S6D_455457951",107.639488941703
1,66.1099926759602,5.22297513511412,7.5909588241183,24.9582112820357,9.37352511054534e-07,1.53759190435476e-06,"IM_7B-pos-30.7546071148165",-0.653053006218036,"HD_RAL19","7B","S7B_10103115",24.8590466109754,"S7B_12830492",30.7546071148165,"S7B_24421543",53.69090083096
1,1.11889676760421,4.17545233250523,7.26947524313336,19.6549191603126,1.15958830851914e-05,1.72851658485351e-05,"IM_2A-pos-6.97494230093245",-0.0834468659570263,"VR_RAL19","2A","S2A_39571861",0,"S2A_44177815",6.97494230093245,"S2A_56535432",23.3301924627227
1,1.40363815053343,5.16425476315383,9.11944075722779,24.656782625387,1.07871430066186e-06,1.76001343887844e-06,"IM_2B-pos-66",-0.0964295803267493,"VR_RAL19","2B","S2B_40508376",47.7293453441508,"c2B.loc66",66,"S2B_573669510",102.801907349614
1,0.780600578037118,2.96383283700634,5.07156400940082,13.7122938433942,0.000220363974266613,0.00029398335149744,"IM_4A-pos-114.37354641508",-0.0702792182443914,"VR_RAL19","4A","S4A_645662033",105.803796062277,"S4A_695721444",114.37354641508,"S4A_715809044",134.716816835202
1,1.10667354464419,4.13238475108298,7.19006093140072,19.4402018904861,1.28656788124237e-05,1.91025749451956e-05,"IM_5A-pos-74",-0.0844948851168285,"VR_RAL19","5A","S5A_33931364",43.034188230787,"S5A_450169210",57.8903154867162,"S5A_446603205",57.8903174867162
1,1.00214355581655,3.76193854810434,6.51092931895128,17.6039927425816,3.1512007233947e-05,4.5228919747009e-05,"IM_6A-pos-24.8954754417197",-0.0802571343603003,"VR_RAL19","6A","S6A_25317042",9.02757838344931,"S6A_499204155",32.3747557537843,"S6A_584998514",47.1307708756158
1,2.13003283866325,3.39011450640719,7.45980930776807,15.9798091977413,7.77573108724505e-05,9.75197232220282e-05,"MQM1_7A-pos-50",-0.116778030865916,"FDK_RAL19","7A","S7A_21351620",36.5640526696869,"c7A.loc50",50,"S7A_545581556",143.826921312707
1,2.88730149382419,4.52161034274042,10.111918542758,21.6609463150902,5.03800191931081e-06,6.78753893756934e-06,"IM_2A-pos-6.97494230093245",-0.133798930775235,"FDK_RAL19","2A","S2A_39571861",0,"S2A_44177815",6.97494230093245,"S2A_49933089",12.0634863345608
1,2.22644024531399,3.53617746053128,7.79744770301567,16.7030712693695,5.45022803846162e-05,6.89899186185894e-05,"IM_6A-pos-25.1103147306022",-0.11748431249378,"FDK_RAL19","6A","S6A_36684794",4.71548919826615,"S6A_87496739",25.1103147306022,"S6A_584998514",47.1307708756158
1,5.09675819357599,3.51034563658555,7.8116335398597,16.5749434293489,5.80343286370466e-05,7.33407148779675e-05,"MQM1_5A-pos-73.4714679184721",-0.177440445888623,"DON_RAL19","5A","S5A_455344314",58.5164271777188,"S5A_477453719",73.4714679184721,"S5A_503945747",78.6586736546575
1,4.96184037154056,3.42174505550284,7.60484943441298,16.1361831070195,7.19936103603658e-05,9.04723380491523e-05,"IM_1A-pos-88.0988181493231",-0.176081057648738,"DON_RAL19","1A","S1A_504420080",78.4772180574928,"S1A_530258857",88.0988181493231,"S1A_544915041",99.5578994228489
1,4.34949400978393,3.0168229865544,6.66632631916333,14.1447984032923,0.000193519588096214,0.000237025249178235,"IM_4A-pos-114.37354641508",-0.16584704172195,"DON_RAL19","4A","S4A_618277948",83.1831116732688,"c4A.loc112",112,"S4A_703941623",127.247451492034
1,52.2117662647897,4.4011425727153,8.27130489779258,21.0523830124064,6.73167509135375e-06,9.01659364982432e-06,"MQM1_5A-pos-206.854912747142",-0.581237574524883,"HD_RAL20","5A","S5A_673738365",200.087108945874,"S5A_684942583",206.854912747142,"S5A_689512329",213.401301814822
1,68.5891928568334,5.67604405811274,10.8657907479172,27.6559492588482,3.17677324890298e-07,4.61420315178707e-07,"IM_5A-pos-139.97101378962",-0.66530396979225,"HD_RAL20","5A","S5A_570192258",126.570062664961,"S5A_585239531",139.97101378962,"S5A_688302437",209.699284400807
1,68.5440595243384,5.67259300586539,10.8586407972293,27.6377509815195,3.20302814382778e-07,4.65131842153355e-07,"IM_7B-pos-25.812774370504",-0.660381672482233,"HD_RAL20","7B","S7B_3366051",11.3978456946467,"c7B.loc28",28,"S7B_24421543",53.69090083096
1,1.98879357992214,4.09129721578266,8.42963801691421,19.4830957808207,1.42070972558583e-05,1.86578270906512e-05,"IM_2B-pos-42",-0.117684751302563,"VR_RAL20","2B","S2B_31122019",34.3481152327503,"c2B.loc42",42,"S2B_198738316",87.5522002384966
1,1.59375268868963,3.31539574594189,6.7552301001813,15.6131016301331,9.32854034330077e-05,0.000116599992406208,"IM_3B-pos-46.1256843247453",-0.0997077713311947,"VR_RAL20","3B","S3B_43407376",43.6681632017502,"S3B_578626949",74.9207995783789,"S3B_628101683",79.6032634678308
1,3.56607443568001,7.03008357669703,15.1150511232699,34.934832097864,1.27128884086503e-08,2.0121992516664e-08,"IM_5A-pos-57.8903094867162",-0.148919812695712,"VR_RAL20","5A","S5A_33931364",43.034188230787,"S5A_444548673",57.8903094867162,"S5A_473407502",66.8907428461967
1,3.57889507634291,3.09166881897746,6.82330288178913,14.5128770857602,0.000161113658327938,0.000198526005326105,"MQM1_3A-pos-54",-0.156796435574461,"FDK_RAL20","3A","S3A_19055613",19.6406713885481,"c3A.loc54",54,"S3A_516793673",81.1987297007366
1,3.2147746388241,2.78917655324791,6.12909308305449,13.0363221598965,0.00033844863715482,0.000409060175014186,"MQM1_7D-pos-117.976489358444",0.142059065941251,"FDK_RAL20","7D","S7D_109518691",101.002330371417,"S7D_527727944",117.976489358444,"S7D_527727944 ",117.976489358444
1,6.92301687686691,5.75517585124298,13.1990013674474,28.0737185230033,2.63052319149359e-07,3.84003271403088e-07,"IM_5A-pos-60",-0.212263663969599,"FDK_RAL20","5A","S5A_33931364",43.034188230787,"S5A_444548673",57.8903094867162,"S5A_503945747",78.6586736546575
1,6.60777543523436,3.8399201019717,8.43967423797022,18.2409428787646,2.60881757758735e-05,3.40488796289895e-05,"IM_1A-pos-87.5998562197393",-0.210188345880021,"DON_RAL20","1A","S1A_504420080",78.4772180574928,"S1A_510281396",83.011800849266,"S1A_544915041",99.5578994228489
1,5.41814564400125,3.17976156537709,6.92023883944628,14.9569376516726,0.00012989260102636,0.000162281564672351,"IM_4A-pos-103.621110897745",-0.193390394402045,"DON_RAL20","4A","S4A_634844017",100.139264274308,"S4A_685784679",103.621108897745,"S4A_703941623",127.247451492034
1,6.14403143501068,3.58409384456761,7.84736471866794,16.9607650183997,4.85126834116612e-05,6.22537560354131e-05,"IM_7A-pos-41.0993943324896",-0.204789616867032,"DON_RAL20","7A","S7A_6543384",8.99602497444641,"S7A_26878565",41.0993943324896,"S7A_36545685",62.0597250885894
1,428.579492898855,3.94276392965382,8.4616051102065,18.8579253910572,2.03409754199191e-05,2.49882897273013e-05,"IM_4A-pos-78.9682329459872",-1.63005129793257,"PH_RAL20","4A","S4A_603050415",51.9946611040532,"S4A_620175647",78.9682329459872,"S4A_636123939",100.139262274308
1,979.175310287875,8.43503948435766,19.3322241185144,43.0846908266136,4.5887649235965e-10,7.0450223432772e-10,"IM_6A-pos-25.1103147306022",2.47884539469661,"PH_RAL20","6A","S6A_22029229",0,"S6A_98776015",27.6322264237437,"S6A_584998514",47.1307708756158
1,3670.79347162719,3.11912054262145,5.56177749462496,14.4626846761039,0.000150648810611886,0.000203860520365251,"MQM2_5A-pos-166.448677634729",-4.74827115311176,"FDK_WAR19","5A","S5A_502540495",78.6586776546575,"S5A_631264575",166.448677634729,"S5A_653953195",180.741343465307
1,4584.88483955365,3.85513437664042,6.94675674705637,18.0641445026107,2.51447863672816e-05,3.63992265035584e-05,"MQM1_3A-pos-148",-5.65711380966496,"FDK_WAR19","3A","S3A_698524686",128.162827118478,"c3A.loc140",140,"S3A_725421331",165.372611751618
1,5876.03623304154,4.86949773862186,8.90303590521652,23.1511960127165,2.18526450157519e-06,3.47074106954448e-06,"IM_1A-pos-96.5700457942874",-6.31309387711073,"FDK_WAR19","1A","S1A_303728193",61.7518472753804,"c1A.loc98",98,"S1A_544915041",99.5578994228489
1,6038.81330151937,4.99535303923135,9.14966646155226,23.7925269489546,1.61626768901968e-06,2.59671332236699e-06,"IM_2B-pos-108",-6.34737495990129,"FDK_WAR19","2B","S2B_444541860",95.5777455954792,"S2B_690936220",107.766843446987,"S2B_733722357",113.474136520465
1,5217.93888830266,4.35608949168864,7.90592423725372,20.558335788706,7.50291307627382e-06,1.1370316791659e-05,"IM_4A-pos-134.716816835202",-5.65795714721436,"FDK_WAR19","4A","S4A_618277948",83.1831116732688,"S4A_660640792",102.651277230915,"S4A_739816770",148.649054045629
1,3.53529981132586,4.08990615949958,6.97409887988122,19.3503757722431,1.42548922632546e-05,1.98492643418424e-05,"MQM2_3A-pos-135.841816973159",-0.147932562937298,"DON_WAR19","3A","S3A_698524686",128.162827118478,"S3A_708009025",135.841816973159,"S3A_717289076",155.438057270876
1,4.1888872940313,4.79715361345735,8.26343329967712,22.9277706369919,2.59930003820852e-06,3.82283523148175e-06,"MQM1_5A-pos-174",-0.167071370688561,"DON_WAR19","5A","S5A_473407502",66.8907428461967,"c5A.loc174",174,"S5A_663320306",186.376858533205
1,8.07599604780608,8.73583914841874,15.9315469682348,44.2037639239399,2.25751750626557e-10,4.49856152329176e-10,"IM_2B-pos-100.747657984992",-0.224000590861163,"DON_WAR19","2B","S2B_155155706",80.2177014258942,"S2B_569139584",100.747657984992,"S2B_722631218",110.300451123056
1,5.58183908617788,6.25917307707427,11.0113143993836,30.5520576986732,7.92400060012355e-08,1.30465095393717e-07,"IM_4A-pos-120",-0.197373557680717,"DON_WAR19","4A","S4A_634844017",100.139264274308,"c4A.loc120",120,"S4A_723850463",139.766637533019
1,70.7284277422657,11.6647870957776,20.1296787701586,61.6229185780509,2.31370478331883e-13,5.77649039712469e-13,"IM_5A-pos-200",-0.668951836873685,"HD_WAR20","5A","S5A_666261308",188.011944993681,"c5A.loc198",198,"S5A_680355005",202.992065130324
1,16.7170910633286,3.12132185387902,4.75777115112094,14.5649489793729,0.000149839899112769,0.000193564687836156,"IM_6D-pos-82",0.337515262585508,"HD_WAR20","6D","S6D_38817192",61.1712600039618,"c6D.loc84",84,"S6D_455457951",107.639488941703
1,16.2934808906548,3.04551422051562,4.63720949052856,14.1958739693269,0.000180385498040225,0.000231657499177862,"IM_7A-pos-98.0646620160053",0.324280024353563,"HD_WAR20","7A","S7A_54865094",84.9976484755737,"S7A_75859308",98.0646640160053,"S7A_688629427",193.900063383335
1,28.5394637540455,5.17442137495034,8.1224799699346,24.8653208803881,1.05279254491997e-06,1.59415200584601e-06,"IM_7B-pos-30",-0.439567674571317,"HD_WAR20","7B","S7B_3366051",11.3978456946467,"S7B_12830492",30.7546071148165,"S7B_24421543",53.69090083096
1,32.1168718898325,4.2314229236755,9.67836843611847,20.3128542244776,1.0131728826468e-05,1.25928719981738e-05,"IM_3B-pos-68.6572457018762",-0.44429422107213,"VR_WAR20","3B","S3B_62419406",49.7808494370294,"c3B.loc70",70,"S3B_618024802",76.962205106006
1,41.2723264543378,5.35097112370889,12.4373501569839,26.1033750001482,6.90259682634142e-07,9.06427371827334e-07,"IM_4A-pos-134.716822835202",-0.502465438147931,"VR_WAR20","4A","S4A_695020463",115.455972982154,"c4A.loc134",134,"S4A_738816779",145.317344092569
1,4.09923811666996,4.19580957753157,7.6796743131893,19.8815435906537,1.10402543535004e-05,1.54994954688625e-05,"MQM1_1A-pos-96",-0.160062663167825,"FDK_WAR20","1A","S1A_515759543",86.5826545514118,"S1A_537541244",96.2691949280321,"S1A_544915041",99.5578994228489
1,5.95107127670159,5.94042659083819,11.1489715695682,28.8630422608738,1.69179409148512e-07,2.71779513560944e-07,"IM_4A-pos-133.311452619363",-0.191630037770847,"FDK_WAR20","4A","S4A_695020463",115.455972982154,"S4A_714190461",133.311452619363,"S4A_729925852",141.746680169025
1,4.47817105807299,4.55982555311797,8.38958222624269,21.7193904241426,4.59577679168266e-06,6.63623800722934e-06,"IM_5A-pos-48",-0.174831994809466,"FDK_WAR20","5A","S5A_30842348",37.9053011403503,"S5A_397017274",53.1377728466176,"S5A_488028626",77.7437208492755
1,3.68596384269102,3.79451566546279,6.90542999367259,17.8771392942566,2.91204050021365e-05,3.96323365250417e-05,"IM_6A-pos-30",-0.154125409078227,"FDK_WAR20","6A","S6A_51905322",18.4925740973194,"c6A.loc32",32,"S6A_584998514",47.1307708756158
1,3.7046000506952,5.3583448934848,9.34013144738874,25.8173733730675,6.78203654014276e-07,1.04163517555822e-06,"IM_1A-pos-87.5998582197393",-0.151060945843957,"DON_WAR20","1A","S1A_369082962",66.4008386184368,"S1A_544495389",99.5578934228489,"S1A_544915041",99.5578994228489
1,5.6566513678682,7.88766258149271,14.2616926537119,39.4212272329156,1.67091041003431e-09,3.11906744876467e-09,"IM_4A-pos-132",-0.18765163799337,"DON_WAR20","4A","S4A_618277948",83.1831116732688,"S4A_685784679",103.621108897745,"S4A_723850463",139.766637533019
1,3.53116832452886,5.12468799802869,8.90287098812887,24.608726942171,1.18583795116756e-06,1.78872686218412e-06,"IM_5A-pos-66.8907428461967",-0.151444638134549,"DON_WAR20","5A","S5A_33931364",43.034188230787,"S5A_473407502",66.8907428461967,"S5A_503945747",78.6586736546575
1,1.72328086041244,2.59310599736297,4.34477933832584,12.0095515821148,0.000548915345477297,0.000680601051089136,"IM_6A-pos-32.3747597537843",-0.105347370232038,"DON_WAR20","6A","S6A_25317042",9.02757838344931,"S6A_459678701",32.3747597537843,"S6A_584998514",47.1307708756158
