"QTL","N","Chromosome","Left Marker","Left Position (cM)","Left Position (Mbp)","Peak Marker","Peak Position (cM)","Peak Position (Mbp)","Right Marker","Right Position (cM)","Right Position (Mbp)","LOD","PV","Effect","Unadjusted.Effect"
"QDon.nc-1A",5,"1A","S1A_369082962",66.4,369.1,"S1A_514115822",86,514.1,"S1A_544495389",99.6,544.5,6.94789609996532,8.08059146529246,-0.13689255429472,-2.43753846865906
"QDon.nc-2B",3,"2B","S2B_34568787",39.3,34.6,"S2B_159489983",84,159.5,"S2B_700411245",109,700.4,4.73858030574161,5.33930226729969,-0.108426042827916,-2.32485622060921
"QDon.nc-3A",2,"3A","S3A_702961747",133.7,703,"S3A_708009025",135.8,708,"S3A_716071855",146.1,716.1,8.32538912512034,9.8773207498168,-0.148359918958134,-2.64815007935647
"QDon.nc-4A",2,"4A","S4A_634844017",100.1,634.8,"S4A_645662033",108,645.7,"S4A_703941623",127.2,703.9,5.42860990827581,6.17740044233986,-0.1260328861645,-2.25339732173288
"QDon.nc-5A",1,"5A","S5A_455344314",58.5,455.3,"S5A_494411337",75.7,494.4,"S5A_650459010",177.9,650.5,8.88394821746936,10.6257894850615,-0.194019852259849,-2.98358509700797
"QDon.nc-7A.1",NA,"7A","S7A_20171492",34.7,20.2,"S7A_29260327",48,29.3,"S7A_36545685",62.1,36.5,4.24016502212631,4.74389707528702,-0.106396404067538,-1.38232365783312
"QDon.nc-7A.2",NA,"7A","S7A_192660006",130.6,192.7,"S7A_365105235",137.8,365.1,"S7A_643966175",158.1,644,4.15780006027841,4.64629917341604,-0.100680812889895,-2.27511746167399
"QDon.nc-7D",2,"7D","S7D_109518691",101,109.5,"S7D_527727944",118,527.7,"S7D_527727944 ",118,527.7,4.90455961307947,5.53942606444019,0.110467443600485,2.31636183626587
"QFdk.nc-1A",3,"1A","S1A_303728193",61.8,303.7,"S1A_530258857",88.1,530.3,"S1A_544915041",99.6,544.9,9.12056430281562,10.309061208643,-0.13478358974418,-6.47515735785836
"QFdk.nc-2A",2,"2A","S2A_39571861",0,39.6,"S2A_42194544",0.8,42.2,"S2A_45102051",11,45.1,5.59080679925382,6.00548372732152,-0.10090563682204,-5.9063687456449
"QFdk.nc-3A",3,"3A","S3A_702961747",133.7,703,"S3A_714415200",140,714.4,"S3A_717289076",155.4,717.3,7.07321199464263,7.76137998803006,-0.117466163118953,-5.45868276409591
"QFdk.nc-3B",3,"3B","S3B_42869341",42.9,42.9,"S3B_62419406",52,62.4,"S3B_581338402",74.9,581.3,3.94043134804191,4.1342176334378,-0.0862624688139767,-4.93930948555458
"QFdk.nc-4A",2,"4A","S4A_618277948",83.2,618.3,"S4A_695721444",112,695.7,"S4A_744433737",148.6,744.4,5.33400150161454,5.70861449584629,-0.0988934486009634,-4.12961387677306
"QFdk.nc-5A",2,"5A","S5A_455344314",58.5,455.3,"S5A_458524694",62,458.5,"S5A_650459010",177.9,650.5,7.80435449854653,8.65453318535936,-0.12196592024887,-6.61099153390688
"QFdk.nc-7A",2,"7A","S7A_20171492",34.7,20.2,"S7A_30866047",50,30.9,"S7A_36545685",62.1,36.5,6.47897175165662,7.04877180554842,-0.112524213317676,-5.87650223663226
"QFdk.nc-7D",2,"7D","S7D_78865384",83.3,78.9,"S7D_517502398",117.2,517.5,"S7D_527727944",118,527.7,5.6443697900268,6.06767166560854,0.100345148464732,5.83233825006295
"QFvr.nc-2A",1,"2A","S2A_39571861",0,39.6,"S2A_42486389",2,42.5,"S2A_45084254",9.8,45.1,3.04291163313957,4.14081619366555,-0.0648811388185303,-0.468394449330393
"QFvr.nc-2B",2,"2B","S2B_32138311",38.4,32.1,"S2B_74203790",66,74.2,"S2B_163977776",86.5,164,4.64587617248189,6.46774480872539,-0.0820449700598026,-0.582999558144483
"QFvr.nc-2D",NA,"2D","S2D_11197914",0,11.2,"S2D_18184616",32,18.2,"S2D_406151907",89.2,406.2,3.49657075697259,4.78883855088221,-0.0691289658597824,-0.384265245813181
"QFvr.nc-3B",2,"3B","S3B_58771568",46.4,58.8,"S3B_252356884",58.7,252.4,"S3B_678547278",88.6,678.5,4.41768400957325,6.13010290612502,-0.0790786471137154,-0.433327621236537
"QFvr.nc-4A",2,"4A","S4A_645662033",105.8,645.7,"S4A_693357526",114.9,693.4,"S4A_744433737",148.6,744.4,2.97770196839208,4.04834109424201,-0.063812019983065,-0.386867077881916
"QFvr.nc-5A",2,"5A","S5A_400505663",50.9,400.5,"S5A_458524694",60.4,458.5,"S5A_503945747",78.7,503.9,7.48211402942259,10.8488453374502,-0.104614296329795,-0.69144038327202
"QFvr.nc-7D",1,"7D","S7D_78865384",83.3,78.9,"S7D_527727944",118,527.7,"S7D_527727944 ",118,527.7,5.21236552461356,7.31529886433351,0.0851016066301622,0.584390811315811
